Name,Variation,DIY,Buy,Sell,Source,Seasonal Availability,Mannequin Piece,Version,Style,Catalog,Primary Shape
academy uniform,Navy blue,No,2080,520,Able Sisters,All Year,No,1.0.0,Elegant,For sale,Box
academy uniform,Gray,No,2080,520,Able Sisters,All Year,No,1.0.0,Elegant,For sale,Box
academy uniform,Red,No,2080,520,Able Sisters,All Year,No,1.0.0,Elegant,For sale,Box
adventure dress,Blue,No,2800,700,Able Sisters,All Year,No,1.0.0,Cute,For sale,Balloon
alpinist dress,Green,No,2520,630,Able Sisters,All Year,No,1.0.0,Cute,For sale,Balloon
alpinist dress,Blue,No,2520,630,Able Sisters,All Year,No,1.0.0,Cute,For sale,Balloon
alpinist dress,Red,No,2520,630,Able Sisters,All Year,No,1.0.0,Cute,For sale,Balloon
alpinist overalls,Green,No,2520,630,Able Sisters,All Year,No,1.0.0,Elegant,For sale,Overall
alpinist overalls,Blue,No,2520,630,Able Sisters,All Year,No,1.0.0,Elegant,For sale,Overall
alpinist overalls,Red,No,2520,630,Able Sisters,All Year,No,1.0.0,Elegant,For sale,Overall
ancient belted robe,Blue,No,3640,910,Able Sisters,All Year,No,1.0.0,Elegant,For sale,Kimono
ancient belted robe,Green,No,3640,910,Able Sisters,All Year,No,1.0.0,Elegant,For sale,Kimono
ancient belted robe,Beige,No,3640,910,Able Sisters,All Year,No,1.0.0,Elegant,For sale,Kimono
ancient belted robe,White,No,3640,910,Able Sisters,All Year,No,1.0.0,Elegant,For sale,Kimono
ancient belted robe,Purple,No,3640,910,Able Sisters,All Year,No,1.0.0,Elegant,For sale,Kimono
ancient sashed robe,Green,No,2520,630,Able Sisters,All Year,No,1.0.0,Elegant,For sale,Kimono
ancient sashed robe,Pink,No,2520,630,Able Sisters,All Year,No,1.0.0,Elegant,For sale,Kimono
ancient sashed robe,Red,No,2520,630,Able Sisters,All Year,No,1.0.0,Elegant,For sale,Kimono
ancient sashed robe,Blue,No,2520,630,Able Sisters,All Year,No,1.0.0,Elegant,For sale,Kimono
ancient sashed robe,Purple,No,2520,630,Able Sisters,All Year,No,1.0.0,Elegant,For sale,Kimono
áo dài,White,No,2520,630,Able Sisters,All Year,No,1.0.0,Elegant,For sale,B-long
áo dài,Navy blue,No,2520,630,Able Sisters,All Year,No,1.0.0,Elegant,For sale,B-long
áo dài,Yellow,No,2520,630,Able Sisters,All Year,No,1.0.0,Elegant,For sale,B-long
áo dài,Green,No,2520,630,Able Sisters,All Year,No,1.0.0,Elegant,For sale,B-long
áo dài,Pink,No,2520,630,Able Sisters,All Year,No,1.0.0,Elegant,For sale,B-long
apple dress,Red,Yes,,1600,Crafting,All Year,No,1.0.0,Cute,Not for sale,A-line
astro dress,Blue,No,2500,625,Able Sisters,All Year,No,1.0.0,Cool,For sale,A-line
astro dress,Green,No,2500,625,Able Sisters,All Year,No,1.0.0,Cool,For sale,A-line
astro dress,Pink,No,2500,625,Able Sisters,All Year,No,1.0.0,Cool,For sale,A-line
attus robe,Blue,No,2520,630,Able Sisters,All Year,No,1.0.0,Cool,For sale,B-long
attus robe,Brown,No,2520,630,Able Sisters,All Year,No,1.0.0,Cool,For sale,B-long
attus robe,Red,No,2520,630,Able Sisters,All Year,No,1.0.0,Cool,For sale,B-long
baby romper,Baby mint,No,1920,480,Able Sisters,All Year,No,1.0.0,Cute,For sale,Overall
baby romper,Baby purple,No,1920,480,Able Sisters,All Year,No,1.0.0,Cute,For sale,Overall
baby romper,Baby yellow,No,1920,480,Able Sisters,All Year,No,1.0.0,Cute,For sale,Overall
baby romper,Baby green,No,1920,480,Able Sisters,All Year,No,1.0.0,Cute,For sale,Overall
baby romper,Baby pink,No,1920,480,Able Sisters,All Year,No,1.0.0,Cute,For sale,Overall
baby romper,Baby gray,No,1920,480,Able Sisters,All Year,No,1.0.0,Cute,For sale,Overall
baby romper,Baby blue,No,1920,480,Able Sisters,All Year,No,1.0.0,Cute,For sale,Overall
baby romper,Baby orange,No,1920,480,Able Sisters,All Year,No,1.0.0,Cute,For sale,Overall
baby-chick costume,Yellow,No,1700,425,Able Sisters,All Year,Yes,1.0.0,Cute,For sale,Rib
baby-chick costume,Blue,No,1700,425,Able Sisters,All Year,No,1.0.0,Cute,For sale,Rib
baby-chick costume,Beige,No,1700,425,Able Sisters,All Year,No,1.0.0,Cute,For sale,Rib
baji jeogori,Blue,No,2520,630,Able Sisters,All Year,No,1.0.0,Elegant,For sale,Kimono
baji jeogori,Purple,No,2520,630,Able Sisters,All Year,No,1.0.0,Elegant,For sale,Kimono
baji jeogori,Aqua,No,2520,630,Able Sisters,All Year,No,1.0.0,Elegant,For sale,Kimono
baji jeogori,Black,No,2520,630,Able Sisters,All Year,No,1.0.0,Elegant,For sale,Kimono
ballet outfit,Pink,No,2880,720,Able Sisters,All Year,No,1.0.0,Cute,For sale,Balloon
ballet outfit,Mint,No,2880,720,Able Sisters,All Year,No,1.0.0,Cute,For sale,Balloon
ballet outfit,Blue,No,2880,720,Able Sisters,All Year,No,1.0.0,Cute,For sale,Balloon
ballet outfit,Purple,No,2880,720,Able Sisters,All Year,No,1.0.0,Cute,For sale,Balloon
ballet outfit,Black,No,2880,720,Able Sisters,All Year,No,1.0.0,Cute,For sale,Balloon
ballet outfit,White,No,2880,720,Able Sisters,All Year,No,1.0.0,Cute,For sale,Balloon
ballet outfit,Yellow,No,2880,720,Able Sisters,All Year,No,1.0.0,Cute,For sale,Balloon
ballet outfit,Red,No,2880,720,Able Sisters,All Year,No,1.0.0,Cute,For sale,Balloon
balmacaan coat,Avocado,No,1540,385,Able Sisters,Winter,Yes,1.0.0,Simple,For sale,B-long
balmacaan coat,Beige,No,1540,385,Able Sisters,Winter,No,1.0.0,Simple,For sale,B-long
balmacaan coat,Navy blue,No,1540,385,Able Sisters,Winter,No,1.0.0,Simple,For sale,B-long
baseball uniform,Red,No,1760,440,Able Sisters,All Year,No,1.0.0,Active,For sale,Overall
baseball uniform,Navy blue,No,1760,440,Able Sisters,All Year,No,1.0.0,Active,For sale,Overall
baseball uniform,Green,No,1760,440,Able Sisters,All Year,No,1.0.0,Active,For sale,Overall
baseball uniform,Orange,No,1760,440,Able Sisters,All Year,No,1.0.0,Active,For sale,Overall
baseball uniform,Yellow,No,1760,440,Able Sisters,All Year,No,1.0.0,Active,For sale,Overall
bath-towel wrap,Pink,No,630,157,Able Sisters,All Year,No,1.0.0,Simple,For sale,Box
bath-towel wrap,White,No,630,157,Able Sisters,All Year,No,1.0.0,Simple,For sale,Box
bath-towel wrap,Blue,No,630,157,Able Sisters,All Year,No,1.0.0,Simple,For sale,Box
bath-towel wrap,Green,No,630,157,Able Sisters,All Year,No,1.0.0,Simple,For sale,Box
bath-towel wrap,Purple,No,630,157,Able Sisters,All Year,No,1.0.0,Simple,For sale,Box
bath-towel wrap,Black,No,630,157,Able Sisters,All Year,No,1.0.0,Simple,For sale,Box
bath-towel wrap,Brown,No,630,157,Able Sisters,All Year,No,1.0.0,Simple,For sale,Box
bathrobe,White,No,720,180,Able Sisters,All Year,No,1.0.0,Simple,For sale,Box
bathrobe,Pink,No,720,180,Able Sisters,All Year,No,1.0.0,Simple,For sale,Box
bathrobe,Blue,No,720,180,Able Sisters,All Year,No,1.0.0,Simple,For sale,Box
bathrobe,Green,No,720,180,Able Sisters,All Year,No,1.0.0,Simple,For sale,Box
bathrobe,Purple,No,720,180,Able Sisters,All Year,No,1.0.0,Simple,For sale,Box
bathrobe,Black,No,720,180,Able Sisters,All Year,No,1.0.0,Simple,For sale,Box
bathrobe,Brown,No,720,180,Able Sisters,All Year,No,1.0.0,Simple,For sale,Box
bear costume,Brown,No,1700,425,Able Sisters,All Year,No,1.0.0,Cute,For sale,Overall
bear costume,Black,No,1700,425,Able Sisters,All Year,No,1.0.0,Cute,For sale,Overall
bear costume,Pink,No,1700,425,Able Sisters,All Year,No,1.0.0,Cute,For sale,Overall
bear costume,Blue,No,1700,425,Able Sisters,All Year,No,1.0.0,Cute,For sale,Overall
bekasab robe,Red,No,2520,630,Able Sisters,All Year,No,1.0.0,Gorgeous,For sale,A-long
bekasab robe,Blue,No,2520,630,Able Sisters,All Year,No,1.0.0,Gorgeous,For sale,A-long
bekasab robe,Camel,No,2520,630,Able Sisters,All Year,No,1.0.0,Gorgeous,For sale,A-long
bekasab robe,Purple,No,2520,630,Able Sisters,All Year,No,1.0.0,Gorgeous,For sale,A-long
belted dotted dress,Light blue,No,2000,500,Able Sisters,Summer,No,1.0.0,Cute,For sale,Balloon
belted dotted dress,Pink,No,2000,500,Able Sisters,Summer,No,1.0.0,Cute,For sale,Balloon
belted dotted dress,Yellow,No,2000,500,Able Sisters,Summer,No,1.0.0,Cute,For sale,Balloon
belted dotted dress,Green,No,2000,500,Able Sisters,Summer,No,1.0.0,Cute,For sale,Balloon
bingata dress,Yellow,No,2520,630,Able Sisters,All Year,No,1.0.0,Elegant,For sale,Kimono
blossom dress,Pink,No,1500,375,Able Sisters,All Year,No,1.0.0,Cute,For sale,A-line
blossom dress,Blue,No,1500,375,Able Sisters,All Year,No,1.0.0,Cute,For sale,A-line
blossom dress,Yellow,No,1500,375,Able Sisters,All Year,No,1.0.0,Cute,For sale,A-line
blossom dress,Green,No,1500,375,Able Sisters,All Year,No,1.0.0,Cute,For sale,A-line
blossom dress,Purple,No,1500,375,Able Sisters,All Year,No,1.0.0,Cute,For sale,A-line
blossoming kimono,Pink,No,3220,805,Able Sisters,All Year,No,1.0.0,Elegant,For sale,Kimono
blossoming kimono,Green tea,No,3220,805,Able Sisters,All Year,No,1.0.0,Elegant,For sale,Kimono
boa parka,Mint,No,1800,450,Able Sisters,Winter,Yes,1.0.0,Simple,For sale,Rib
boa parka,Purple,No,1800,450,Able Sisters,Winter,No,1.0.0,Simple,For sale,Rib
boa parka,Gray,No,1800,450,Able Sisters,Winter,No,1.0.0,Simple,For sale,Rib
boa parka,Pink,No,1800,450,Able Sisters,Winter,No,1.0.0,Simple,For sale,Rib
Bohemian tunic dress,Red,No,1900,475,Able Sisters,All Year,No,1.0.0,Elegant,For sale,Box
Bohemian tunic dress,Navy blue,No,1900,475,Able Sisters,All Year,No,1.0.0,Elegant,For sale,Box
Bohemian tunic dress,Green,No,1900,475,Able Sisters,All Year,No,1.0.0,Elegant,For sale,Box
bold muumuu,Navy blue,No,1600,400,Able Sisters,Summer,No,1.0.0,Active,For sale,A-line
bold muumuu,Pink,No,1600,400,Able Sisters,Summer,No,1.0.0,Active,For sale,A-line
bolero coat,Pink,No,2080,520,Able Sisters,Winter,No,1.0.0,Cute,For sale,A-line
bolero coat,Yellow,No,2080,520,Able Sisters,Winter,No,1.0.0,Cute,For sale,A-line
bolero coat,Blue,No,2080,520,Able Sisters,Winter,No,1.0.0,Cute,For sale,A-line
bolero coat,Green,No,2080,520,Able Sisters,Winter,No,1.0.0,Cute,For sale,A-line
bone costume,White,No,1280,320,Able Sisters,All Year,No,1.0.0,Cool,For sale,Overall
box-skirt uniform,Navy blue,No,2300,575,Able Sisters,All Year,No,1.0.0,Simple,For sale,Box
box-skirt uniform,Black,No,2300,575,Able Sisters,All Year,No,1.0.0,Simple,For sale,Box
box-skirt uniform,Light blue,No,2300,575,Able Sisters,All Year,No,1.0.0,Simple,For sale,Box
box-skirt uniform,Green,No,2300,575,Able Sisters,All Year,No,1.0.0,Simple,For sale,Box
box-skirt uniform,Gray,No,2300,575,Able Sisters,All Year,No,1.0.0,Simple,For sale,Box
box-skirt uniform,Red,No,2300,575,Able Sisters,All Year,No,1.0.0,Simple,For sale,Box
box-skirt uniform,Brown,No,2300,575,Able Sisters,All Year,No,1.0.0,Simple,For sale,Box
bunny dress,Pink,No,1800,450,Able Sisters,All Year,No,1.0.0,Cute,For sale,A-line
bunny dress,Yellow,No,1800,450,Able Sisters,All Year,No,1.0.0,Cute,For sale,A-line
bunny dress,White,No,1800,450,Able Sisters,All Year,No,1.0.0,Cute,For sale,A-line
butterfly visiting kimono,Black,No,2660,665,Able Sisters,All Year,No,1.0.0,Elegant,For sale,Kimono
butterfly visiting kimono,Indigo blue,No,2660,665,Able Sisters,All Year,No,1.0.0,Elegant,For sale,Kimono
butterfly visiting kimono,Fuchsia,No,2660,665,Able Sisters,All Year,No,1.0.0,Elegant,For sale,Kimono
cake dress,NA,No,20000,5000,Wedding Season,All Year,No,1.2.0,Elegant,Not for sale,Dress
casual chic dress,Yellow,No,2400,600,Able Sisters,Summer,No,1.0.0,Elegant,For sale,A-long
casual chic dress,Light blue,No,2400,600,Able Sisters,Summer,No,1.0.0,Elegant,For sale,A-long
casual chic dress,Pink,No,2400,600,Able Sisters,Summer,No,1.0.0,Elegant,For sale,A-long
casual chic dress,Green,No,2400,600,Able Sisters,Summer,Yes,1.0.0,Elegant,For sale,A-long
casual chic dress,Navy blue,No,2400,600,Able Sisters,Summer,No,1.0.0,Elegant,For sale,A-long
casual chic dress,Purple,No,2400,600,Able Sisters,Summer,No,1.0.0,Elegant,For sale,A-long
casual kimono,Dark blue,No,2000,500,Able Sisters,All Year,No,1.0.0,Cool,For sale,Kimono
casual kimono,Aqua,No,2000,500,Able Sisters,All Year,No,1.0.0,Cool,For sale,Kimono
casual kimono,Green,No,2000,500,Able Sisters,All Year,No,1.0.0,Cool,For sale,Kimono
casual kimono,Mustard,No,2000,500,Able Sisters,All Year,No,1.0.0,Cool,For sale,Kimono
cat dress,Navy blue,No,1800,450,Able Sisters,Winter,No,1.0.0,Cute,For sale,A-line
cat dress,Brown,No,1800,450,Able Sisters,Winter,No,1.0.0,Cute,For sale,A-line
cat dress,White,No,1800,450,Able Sisters,Winter,No,1.0.0,Cute,For sale,A-line
caterpillar costume,Green,No,1700,425,Able Sisters,All Year,No,1.0.0,Cute,For sale,Rib
caterpillar costume,Yellow,No,1700,425,Able Sisters,All Year,No,1.0.0,Cute,For sale,Rib
caterpillar costume,Rainbow,No,1700,425,Able Sisters,All Year,No,1.0.0,Cute,For sale,Rib
caveman tank,Orange,No,1050,262,Able Sisters,All Year,No,1.0.0,Active,For sale,Box
caveman tank,Yellow,No,1050,262,Able Sisters,All Year,No,1.0.0,Active,For sale,Box
caveman tank,Gray,No,1050,262,Able Sisters,All Year,No,1.0.0,Active,For sale,Box
checkered jumper dress,Red,No,1840,460,Able Sisters,All Year,Yes,1.0.0,Cute,For sale,A-line
checkered jumper dress,Green,No,1840,460,Able Sisters,All Year,No,1.0.0,Cute,For sale,A-line
checkered jumper dress,Yellow,No,1840,460,Able Sisters,All Year,No,1.0.0,Cute,For sale,A-line
checkered jumper dress,Beige,No,1840,460,Able Sisters,All Year,No,1.0.0,Cute,For sale,A-line
cheerleading uniform,Red,No,1920,480,Able Sisters,All Year,No,1.0.0,Active,For sale,A-line
cheerleading uniform,Purple,No,1920,480,Able Sisters,All Year,No,1.0.0,Active,For sale,A-line
cheerleading uniform,Blue,No,1920,480,Able Sisters,All Year,No,1.0.0,Active,For sale,A-line
cheerleading uniform,Berry red,No,1920,480,Able Sisters,All Year,No,1.0.0,Active,For sale,A-line
cheerleading uniform,Green,No,1920,480,Able Sisters,All Year,No,1.0.0,Active,For sale,A-line
cheerleading uniform,Pink,No,1920,480,Able Sisters,All Year,No,1.0.0,Active,For sale,A-line
cheerleading uniform,Light blue,No,1920,480,Able Sisters,All Year,No,1.0.0,Active,For sale,A-line
cheerleading uniform,Yellow,No,1920,480,Able Sisters,All Year,No,1.0.0,Active,For sale,A-line
cherry dress,Red,Yes,,1600,Crafting,All Year,No,1.0.0,Cute,Not for sale,A-line
chic tuxedo dress,Black,No,2240,560,Able Sisters,All Year,No,1.0.0,Cute,For sale,Balloon
chic tuxedo dress,Pink,No,2240,560,Able Sisters,All Year,No,1.0.0,Cute,For sale,Balloon
chic tuxedo dress,Red,No,2240,560,Able Sisters,All Year,No,1.0.0,Cute,For sale,Balloon
chic tuxedo dress,Light blue,No,2240,560,Able Sisters,All Year,No,1.0.0,Cute,For sale,Balloon
chima jeogori,Vermilion,No,2520,630,Able Sisters,All Year,No,1.0.0,Elegant,For sale,A-long
chima jeogori,Yellow-green,No,2520,630,Able Sisters,All Year,No,1.0.0,Elegant,For sale,A-long
chima jeogori,Pink,No,2520,630,Able Sisters,All Year,No,1.0.0,Elegant,For sale,A-long
chima jeogori,Blue,No,2520,630,Able Sisters,All Year,No,1.0.0,Elegant,For sale,A-long
chima jeogori,Red,No,2520,630,Able Sisters,All Year,No,1.0.0,Elegant,For sale,A-long
china poblana,Red,No,2520,630,Able Sisters,All Year,No,1.0.0,Elegant,For sale,Dress
chiton,White,No,2520,630,Able Sisters,All Year,No,1.0.0,Elegant,For sale,Box
clover dress,Green,No,1800,450,Able Sisters,Summer,Yes,1.0.0,Cute,For sale,Balloon
clover dress,Dark green,No,1800,450,Able Sisters,Summer,No,1.0.0,Cute,For sale,Balloon
cold-country bunad,Blue,No,2520,630,Able Sisters,Winter,No,1.0.0,Elegant,For sale,Overall
cold-country bunad,Green,No,2520,630,Able Sisters,Winter,No,1.0.0,Elegant,For sale,Overall
cold-country bunad,Red,No,2520,630,Able Sisters,Winter,No,1.0.0,Elegant,For sale,Overall
cold-country dress,Blue,No,2520,630,Able Sisters,Winter,No,1.0.0,Elegant,For sale,Dress
cold-country dress,Green,No,2520,630,Able Sisters,Winter,No,1.0.0,Elegant,For sale,Dress
cold-country dress,Red,No,2520,630,Able Sisters,Winter,No,1.0.0,Elegant,For sale,Dress
concierge uniform,Green,No,1920,480,Able Sisters,All Year,No,1.0.0,Simple,For sale,Overall
concierge uniform,Red,No,1920,480,Able Sisters,All Year,No,1.0.0,Simple,For sale,Overall
concierge uniform,White,No,1920,480,Able Sisters,All Year,No,1.0.0,Simple,For sale,Overall
concierge uniform,Brown,No,1920,480,Able Sisters,All Year,No,1.0.0,Simple,For sale,Overall
concierge uniform,Light blue,No,1920,480,Able Sisters,All Year,No,1.0.0,Simple,For sale,Overall
coveralls with arm covers,Green,No,1600,400,Able Sisters,All Year,No,1.0.0,Active,For sale,Overall
coveralls with arm covers,Blue,No,1600,400,Able Sisters,All Year,No,1.0.0,Active,For sale,Overall
coveralls with arm covers,Orange,No,1600,400,Able Sisters,All Year,No,1.0.0,Active,For sale,Overall
coveralls with arm covers,Pink,No,1600,400,Able Sisters,All Year,Yes,1.0.0,Active,For sale,Overall
coveralls with arm covers,Purple,No,1600,400,Able Sisters,All Year,No,1.0.0,Active,For sale,Overall
cyber suit,Blue,No,3500,875,Able Sisters,All Year,No,1.0.0,Cool,For sale,Overall
cyber suit,Yellow,No,3500,875,Able Sisters,All Year,No,1.0.0,Cool,For sale,Overall
cyber suit,Pink,No,3500,875,Able Sisters,All Year,No,1.0.0,Cool,For sale,Overall
dazed dress,Pink,No,1600,400,Able Sisters,Summer,No,1.0.0,Cute,For sale,A-line
dazed dress,Blue,No,1600,400,Able Sisters,Summer,No,1.0.0,Cute,For sale,A-line
dazed dress,Green,No,1600,400,Able Sisters,Summer,No,1.0.0,Cute,For sale,A-line
denim overalls,Blue,No,1600,400,Able Sisters,All Year,No,1.0.0,Simple,For sale,Overall
denim overalls,Brown,No,1600,400,Able Sisters,All Year,No,1.0.0,Simple,For sale,Overall
denim overalls,Beige,No,1600,400,Able Sisters,All Year,No,1.0.0,Simple,For sale,Overall
denim overalls,Avocado,No,1600,400,Able Sisters,All Year,No,1.0.0,Simple,For sale,Overall
denim overalls,White,No,1600,400,Able Sisters,All Year,No,1.0.0,Simple,For sale,Overall
denim overalls,Orange,No,1600,400,Able Sisters,All Year,No,1.0.0,Simple,For sale,Overall
denim overalls,Red,No,1600,400,Able Sisters,All Year,No,1.0.0,Simple,For sale,Overall
denim overalls,Black,No,1600,400,Able Sisters,All Year,No,1.0.0,Simple,For sale,Overall
desert outfit,Purple,No,2520,630,Able Sisters,All Year,No,1.0.0,Elegant,For sale,Overall
desert outfit,Blue,No,2520,630,Able Sisters,All Year,No,1.0.0,Elegant,For sale,Overall
desert outfit,Pink,No,2520,630,Able Sisters,All Year,No,1.0.0,Elegant,For sale,Overall
desert outfit,Yellow,No,2520,630,Able Sisters,All Year,No,1.0.0,Elegant,For sale,Overall
desert-princess outfit,Blue,No,2520,630,Able Sisters,All Year,No,1.0.0,Elegant,For sale,Overall
desert-princess outfit,Purple,No,2520,630,Able Sisters,All Year,No,1.0.0,Elegant,For sale,Overall
desert-princess outfit,Pink,No,2520,630,Able Sisters,All Year,No,1.0.0,Elegant,For sale,Overall
desert-princess outfit,Yellow,No,2520,630,Able Sisters,All Year,No,1.0.0,Elegant,For sale,Overall
diner uniform,Pink,No,1800,450,Able Sisters,All Year,No,1.0.0,Cute,For sale,Balloon
diner uniform,Red,No,1800,450,Able Sisters,All Year,No,1.0.0,Cute,For sale,Balloon
diner uniform,Blue,No,1800,450,Able Sisters,All Year,No,1.0.0,Cute,For sale,Balloon
diner uniform,Yellow,No,1800,450,Able Sisters,All Year,No,1.0.0,Cute,For sale,Balloon
diner uniform,Aquamarine,No,1800,450,Able Sisters,All Year,No,1.0.0,Cute,For sale,Balloon
diner uniform,Cream,No,1800,450,Able Sisters,All Year,No,1.0.0,Cute,For sale,Balloon
diner uniform,Black,No,1800,450,Able Sisters,All Year,No,1.0.0,Cute,For sale,Balloon
dollhouse dress,Yellow,No,2800,700,Able Sisters,Summer,No,1.0.0,Cute,For sale,Balloon
dollhouse dress,Red,No,2800,700,Able Sisters,Summer,No,1.0.0,Cute,For sale,Balloon
dollhouse dress,Green,No,2800,700,Able Sisters,Summer,No,1.0.0,Cute,For sale,Balloon
dollhouse dress,Pink,No,2800,700,Able Sisters,Summer,No,1.0.0,Cute,For sale,Balloon
dollhouse dress,Purple,No,2800,700,Able Sisters,Summer,No,1.0.0,Cute,For sale,Balloon
dollhouse dress,Sky blue,No,2800,700,Able Sisters,Summer,No,1.0.0,Cute,For sale,Balloon
dollhouse dress,Light blue,No,2800,700,Able Sisters,Summer,Yes,1.0.0,Cute,For sale,Balloon
dragon suit,Yellow,No,2500,625,Able Sisters,All Year,No,1.0.0,Active,For sale,Overall
dreamy dress,Pink,No,2080,520,Able Sisters,All Year,No,1.0.0,Cute,For sale,Balloon
dreamy dress,Yellow,No,2080,520,Able Sisters,All Year,No,1.0.0,Cute,For sale,Balloon
dreamy dress,Blue,No,2080,520,Able Sisters,All Year,No,1.0.0,Cute,For sale,Balloon
dreamy dress,Green,No,2080,520,Able Sisters,All Year,No,1.0.0,Cute,For sale,Balloon
earth-egg outfit,None,Yes,,1200,Crafting,All Year,No,1.1.0a,Active,Not for sale,Rib
egg party dress,None,Yes,,7200,Crafting,All Year,No,1.1.0a,Gorgeous,Not for sale,Balloon
egg-sushi costume,White,No,1600,400,Able Sisters,All Year,No,1.0.0,Cute,For sale,Rib
elegant dress,Purple,No,2400,600,Able Sisters,All Year,No,1.0.0,Elegant,For sale,Dress
elegant dress,Blue,No,2400,600,Able Sisters,All Year,No,1.0.0,Elegant,For sale,Dress
elegant dress,Green,No,2400,600,Able Sisters,All Year,No,1.0.0,Elegant,For sale,Dress
elegant dress,Berry red,No,2400,600,Able Sisters,All Year,No,1.0.0,Elegant,For sale,Dress
elegant dress,Pink,No,2400,600,Able Sisters,All Year,No,1.0.0,Elegant,For sale,Dress
fairy dress,Green,No,3640,910,Able Sisters,All Year,No,1.0.0,Cute,For sale,Balloon
fairy dress,Pink,No,3640,910,Able Sisters,All Year,No,1.0.0,Cute,For sale,Balloon
fairy dress,Yellow,No,3640,910,Able Sisters,All Year,No,1.0.0,Cute,For sale,Balloon
fairy dress,Mint,No,3640,910,Able Sisters,All Year,No,1.0.0,Cute,For sale,Balloon
fairy dress,Purple,No,3640,910,Able Sisters,All Year,No,1.0.0,Cute,For sale,Balloon
fairy-tale dress,Red,No,2400,600,Able Sisters,All Year,No,1.0.0,Cute,For sale,Balloon
fairy-tale dress,Pink,No,2400,600,Able Sisters,All Year,No,1.0.0,Cute,For sale,Balloon
fairy-tale dress,Yellow,No,2400,600,Able Sisters,All Year,No,1.0.0,Cute,For sale,Balloon
fairy-tale dress,Green,No,2400,600,Able Sisters,All Year,No,1.0.0,Cute,For sale,Balloon
fairy-tale dress,Blue,No,2400,600,Able Sisters,All Year,No,1.0.0,Cute,For sale,Balloon
fairy-tale dress,Light blue,No,2400,600,Able Sisters,All Year,No,1.0.0,Cute,For sale,Balloon
fairy-tale dress,Light green,No,2400,600,Able Sisters,All Year,No,1.0.0,Cute,For sale,Balloon
fairy-tale dress,Orange,No,2400,600,Able Sisters,All Year,No,1.0.0,Cute,For sale,Balloon
fancy kimono,Vermilion,No,5200,1300,Able Sisters,Winter,No,1.0.0,Gorgeous,For sale,Kimono
fancy kimono,Green,No,5200,1300,Able Sisters,Winter,No,1.0.0,Gorgeous,For sale,Kimono
fancy kimono,Indigo blue,No,5200,1300,Able Sisters,Winter,No,1.0.0,Gorgeous,For sale,Kimono
fancy kimono,Pink,No,5200,1300,Able Sisters,Winter,No,1.0.0,Gorgeous,For sale,Kimono
fancy kimono,Purple,No,5200,1300,Able Sisters,Winter,No,1.0.0,Gorgeous,For sale,Kimono
fancy kimono,Aqua,No,5200,1300,Able Sisters,Winter,No,1.0.0,Gorgeous,For sale,Kimono
fancy kimono,Pale orange,No,5200,1300,Able Sisters,Winter,No,1.0.0,Gorgeous,For sale,Kimono
fancy kimono,Parrot green,No,5200,1300,Able Sisters,Winter,No,1.0.0,Gorgeous,For sale,Kimono
fancy party dress,Blue,No,2400,600,Able Sisters,All Year,No,1.0.0,Elegant,For sale,Box
fancy party dress,Pink,No,2400,600,Able Sisters,All Year,No,1.0.0,Elegant,For sale,Box
fancy party dress,Green,No,2400,600,Able Sisters,All Year,No,1.0.0,Elegant,For sale,Box
fancy party dress,Beige,No,2400,600,Able Sisters,All Year,No,1.0.0,Elegant,For sale,Box
farmer overalls,Red,No,1600,400,Able Sisters,All Year,Yes,1.0.0,Active,For sale,Overall
farmer overalls,Green,No,1600,400,Able Sisters,All Year,No,1.0.0,Active,For sale,Overall
farmer overalls,Blue,No,1600,400,Able Sisters,All Year,No,1.0.0,Active,For sale,Overall
farmer overalls,Yellow,No,1600,400,Able Sisters,All Year,No,1.0.0,Active,For sale,Overall
farmer overalls,Gray,No,1600,400,Able Sisters,All Year,No,1.0.0,Active,For sale,Overall
fashionable royal dress,Green,No,6000,1500,Able Sisters,All Year,No,1.0.0,Gorgeous,For sale,Dress
fashionable royal dress,Blue,No,6000,1500,Able Sisters,All Year,No,1.0.0,Gorgeous,For sale,Dress
fashionable royal dress,Yellow,No,6000,1500,Able Sisters,All Year,No,1.0.0,Gorgeous,For sale,Dress
fashionable royal dress,Pink,No,6000,1500,Able Sisters,All Year,No,1.0.0,Gorgeous,For sale,Dress
fashionable royal dress,Purple,No,6000,1500,Able Sisters,All Year,No,1.0.0,Gorgeous,For sale,Dress
festive dress,Red,No,2400,600,Able Sisters,All Year,No,1.0.0,Cute,For sale,Balloon
festive-tree dress,Green & white,No,2240,560,Able Sisters,All Year,No,1.0.0,Cute,For sale,A-line
festive-tree dress,Green & blue,No,2240,560,Able Sisters,All Year,No,1.0.0,Cute,For sale,A-line
festive-tree dress,Green & red,No,2240,560,Able Sisters,All Year,No,1.0.0,Cute,For sale,A-line
festive-tree dress,Pink,No,2240,560,Able Sisters,All Year,No,1.0.0,Cute,For sale,A-line
festive-tree dress,Gold,No,2240,560,Able Sisters,All Year,No,1.0.0,Cute,For sale,A-line
festive-tree dress,Silver,No,2240,560,Able Sisters,All Year,No,1.0.0,Cute,For sale,A-line
figure-skating costume,Blue,No,2880,720,Able Sisters,All Year,No,1.0.0,Active,For sale,Overall
figure-skating costume,Red,No,2880,720,Able Sisters,All Year,No,1.0.0,Active,For sale,Overall
figure-skating costume,Green,No,2880,720,Able Sisters,All Year,No,1.0.0,Active,For sale,Overall
figure-skating costume,Purple,No,2880,720,Able Sisters,All Year,No,1.0.0,Active,For sale,Overall
figure-skating costume,Pink,No,2880,720,Able Sisters,All Year,No,1.0.0,Active,For sale,Overall
figure-skating costume,Yellow,No,2880,720,Able Sisters,All Year,No,1.0.0,Active,For sale,Overall
figure-skating costume,Black,No,2880,720,Able Sisters,All Year,No,1.0.0,Active,For sale,Overall
figure-skating dress,Blue,No,2880,720,Able Sisters,All Year,No,1.0.0,Active,For sale,Balloon
figure-skating dress,Red,No,2880,720,Able Sisters,All Year,No,1.0.0,Active,For sale,Balloon
figure-skating dress,Green,No,2880,720,Able Sisters,All Year,No,1.0.0,Active,For sale,Balloon
figure-skating dress,Purple,No,2880,720,Able Sisters,All Year,No,1.0.0,Active,For sale,Balloon
figure-skating dress,Pink,No,2880,720,Able Sisters,All Year,No,1.0.0,Active,For sale,Balloon
figure-skating dress,Yellow,No,2880,720,Able Sisters,All Year,No,1.0.0,Active,For sale,Balloon
figure-skating dress,Black,No,2880,720,Able Sisters,All Year,No,1.0.0,Active,For sale,Balloon
firefighter uniform,Black,No,2240,560,Able Sisters,All Year,No,1.0.0,Active,For sale,Salopette
firefighter uniform,Flame orange,No,2240,560,Able Sisters,All Year,No,1.0.0,Active,For sale,Salopette
firefighter uniform,Brown,No,2240,560,Able Sisters,All Year,No,1.0.0,Active,For sale,Salopette
firefighter uniform,Lime yellow,No,2240,560,Able Sisters,All Year,No,1.0.0,Active,For sale,Salopette
firefighter uniform,Avocado,No,2240,560,Able Sisters,All Year,No,1.0.0,Active,For sale,Salopette
fishing waders,Avocado,No,2000,500,Able Sisters,All Year,No,1.0.0,Simple,For sale,Overall
fishing waders,Orange,No,2000,500,Able Sisters,All Year,No,1.0.0,Simple,For sale,Overall
fishing waders,Navy blue,No,2000,500,Able Sisters,All Year,No,1.0.0,Simple,For sale,Overall
fishing waders,Gray,No,2000,500,Able Sisters,All Year,No,1.0.0,Simple,For sale,Overall
flapper dress,Silver,No,2600,650,Able Sisters,All Year,No,1.0.0,Gorgeous,For sale,Box
flapper dress,Gold,No,2600,650,Able Sisters,All Year,No,1.0.0,Gorgeous,For sale,Box
flapper dress,Black,No,2600,650,Able Sisters,All Year,No,1.0.0,Gorgeous,For sale,Box
flapper dress,Pink,No,2600,650,Able Sisters,All Year,No,1.0.0,Gorgeous,For sale,Box
flapper dress,Green,No,2600,650,Able Sisters,All Year,No,1.0.0,Gorgeous,For sale,Box
flashy kimono,Green,No,4800,1200,Able Sisters,All Year,No,1.0.0,Gorgeous,For sale,Kimono
flashy kimono,Red,No,4800,1200,Able Sisters,All Year,No,1.0.0,Gorgeous,For sale,Kimono
flashy kimono,Gold,No,4800,1200,Able Sisters,All Year,No,1.0.0,Gorgeous,For sale,Kimono
flashy kimono,Blue,No,4800,1200,Able Sisters,All Year,No,1.0.0,Gorgeous,For sale,Kimono
flashy kimono,White,No,4800,1200,Able Sisters,All Year,No,1.0.0,Gorgeous,For sale,Kimono
flashy kimono,Fuchsia,No,4800,1200,Able Sisters,All Year,No,1.0.0,Gorgeous,For sale,Kimono
fleece pj's,Pink,No,1800,450,Able Sisters,Winter,Yes,1.0.0,Cute,For sale,Overall
fleece pj's,Beige,No,1800,450,Able Sisters,Winter,No,1.0.0,Cute,For sale,Overall
flight-crew uniform,Navy blue,No,2800,700,Able Sisters,All Year,No,1.0.0,Elegant,For sale,Box
flight-crew uniform,Black,No,2800,700,Able Sisters,All Year,No,1.0.0,Elegant,For sale,Box
flight-crew uniform,Light blue,No,2800,700,Able Sisters,All Year,No,1.0.0,Elegant,For sale,Box
flight-crew uniform,Red,No,2800,700,Able Sisters,All Year,No,1.0.0,Elegant,For sale,Box
flight-crew uniform,Gray,No,2800,700,Able Sisters,All Year,No,1.0.0,Elegant,For sale,Box
floral lace dress,Light blue,No,1820,455,Able Sisters,Summer,No,1.0.0,Elegant,For sale,Balloon
floral lace dress,Pink,No,1820,455,Able Sisters,Summer,No,1.0.0,Elegant,For sale,Balloon
floral lace dress,Blue,No,1820,455,Able Sisters,Summer,No,1.0.0,Elegant,For sale,Balloon
floral lace dress,Ruby red,No,1820,455,Able Sisters,Summer,No,1.0.0,Elegant,For sale,Balloon
floral lace dress,Orange,No,1820,455,Able Sisters,Summer,No,1.0.0,Elegant,For sale,Balloon
floral lace dress,Green,No,1820,455,Able Sisters,Summer,No,1.0.0,Elegant,For sale,Balloon
floral lace dress,Purple,No,1820,455,Able Sisters,Summer,No,1.0.0,Elegant,For sale,Balloon
floral lace dress,Black,No,1820,455,Able Sisters,Summer,No,1.0.0,Elegant,For sale,Balloon
flower-print dress,Pink,No,1200,300,Able Sisters,All Year,No,1.0.0,Cute,For sale,A-line
flower-print dress,Green,No,1200,300,Able Sisters,All Year,No,1.0.0,Cute,For sale,A-line
folk-dance outfit,Red,No,2520,630,Able Sisters,All Year,No,1.0.0,Elegant,For sale,Overall
forest-print dress,Green,No,1540,385,Able Sisters,All Year,No,1.0.0,Elegant,For sale,Box
forest-print dress,Brown,No,1540,385,Able Sisters,All Year,No,1.0.0,Elegant,For sale,Box
forest-print dress,Purple,No,1540,385,Able Sisters,All Year,No,1.0.0,Elegant,For sale,Box
forest-print dress,Pink,No,1540,385,Able Sisters,All Year,No,1.0.0,Elegant,For sale,Box
forest-print dress,Pale blue,No,1540,385,Able Sisters,All Year,No,1.0.0,Elegant,For sale,Box
frilly dress,Pink,No,2000,500,Able Sisters,All Year,No,1.0.0,Cute,For sale,A-long
frilly dress,Brown,No,2000,500,Able Sisters,All Year,No,1.0.0,Cute,For sale,A-long
frilly dress,Green,No,2000,500,Able Sisters,All Year,No,1.0.0,Cute,For sale,A-long
frilly dress,Yellow,No,2000,500,Able Sisters,All Year,No,1.0.0,Cute,For sale,A-long
frog costume,Green,No,1700,425,Able Sisters,All Year,No,1.0.0,Cute,For sale,Overall
frog costume,Blue,No,1700,425,Able Sisters,All Year,No,1.0.0,Cute,For sale,Overall
frog costume,Red,No,1700,425,Able Sisters,All Year,No,1.0.0,Cute,For sale,Overall
frog costume,Yellow,No,1700,425,Able Sisters,All Year,No,1.0.0,Cute,For sale,Overall
frugal dress,Brown,No,490,122,Able Sisters,All Year,No,1.0.0,Simple,For sale,Balloon
frugal dress,Green,No,490,122,Able Sisters,All Year,No,1.0.0,Simple,For sale,Balloon
frugal dress,Blue-gray,No,490,122,Able Sisters,All Year,No,1.0.0,Simple,For sale,Balloon
frugal outfit,Brown,No,450,112,Able Sisters,All Year,No,1.0.0,Simple,For sale,Overall
frugal outfit,Green,No,450,112,Able Sisters,All Year,No,1.0.0,Simple,For sale,Overall
frugal outfit,Blue-gray,No,450,112,Able Sisters,All Year,No,1.0.0,Simple,For sale,Overall
full-body tights,Black,No,1120,280,Able Sisters,All Year,No,1.0.0,Simple,For sale,Overall
full-body tights,White,No,1120,280,Able Sisters,All Year,No,1.0.0,Simple,For sale,Overall
full-body tights,Red,No,1120,280,Able Sisters,All Year,No,1.0.0,Simple,For sale,Overall
full-body tights,Blue,No,1120,280,Able Sisters,All Year,No,1.0.0,Simple,For sale,Overall
full-body tights,Green,No,1120,280,Able Sisters,All Year,No,1.0.0,Simple,For sale,Overall
full-body tights,Pink,No,1120,280,Able Sisters,All Year,No,1.0.0,Simple,For sale,Overall
full-body tights,Gold,No,1120,280,Able Sisters,All Year,No,1.0.0,Simple,For sale,Overall
full-body tights,Silver,No,1120,280,Able Sisters,All Year,No,1.0.0,Simple,For sale,Overall
full-length dress with pearls,Black,No,2600,650,Able Sisters,All Year,No,1.0.0,Gorgeous,For sale,A-long
full-length dress with pearls,Berry red,No,2600,650,Able Sisters,All Year,No,1.0.0,Gorgeous,For sale,A-long
full-length dress with pearls,Beige,No,2600,650,Able Sisters,All Year,No,1.0.0,Gorgeous,For sale,A-long
full-length dress with pearls,Green,No,2600,650,Able Sisters,All Year,No,1.0.0,Gorgeous,For sale,A-long
gizzard-shad-sushi costume,White,No,1440,360,Able Sisters,All Year,No,1.0.0,Cute,For sale,Rib
gold armor,Gold,Yes,,80000,Crafting,All Year,No,1.0.0,Gorgeous,Not for sale,Overall
grape dress,Purple,No,1500,375,Able Sisters,All Year,No,1.0.0,Cute,For sale,A-line
gumdrop dress,Pop,No,1800,450,Able Sisters,All Year,No,1.0.0,Cute,For sale,A-line
gumdrop dress,Cool,No,1800,450,Able Sisters,All Year,No,1.0.0,Cute,For sale,A-line
hakama,Plum,No,3180,795,Able Sisters,All Year,No,1.0.0,Elegant,For sale,Kimono
hakama,Green,No,3180,795,Able Sisters,All Year,No,1.0.0,Elegant,For sale,Kimono
hakama,Dark blue,No,3180,795,Able Sisters,All Year,No,1.0.0,Elegant,For sale,Kimono
hakama with crest,Black,No,4800,1200,Able Sisters,All Year,No,1.0.0,Cool,For sale,Kimono
hibiscus muumuu,Red,No,1800,450,Able Sisters,Summer,No,1.0.0,Cute,For sale,A-line
hibiscus muumuu,Yellow,No,1800,450,Able Sisters,Summer,No,1.0.0,Cute,For sale,A-line
hibiscus muumuu,Pink,No,1800,450,Able Sisters,Summer,Yes,1.0.0,Cute,For sale,A-line
hot-dog costume,Mustard,No,1280,320,Able Sisters,All Year,No,1.0.0,Active,For sale,Rib
house-print dress,White,No,1600,400,Able Sisters,All Year,No,1.0.0,Cute,For sale,Box
house-print dress,Yellow,No,1600,400,Able Sisters,All Year,No,1.0.0,Cute,For sale,Box
ice-hockey uniform,White & red,No,2640,660,Able Sisters,Winter,No,1.0.0,Active,For sale,Salopette
ice-hockey uniform,White & blue,No,2640,660,Able Sisters,Winter,No,1.0.0,Active,For sale,Salopette
ice-hockey uniform,Berry red,No,2640,660,Able Sisters,Winter,No,1.0.0,Active,For sale,Salopette
ice-hockey uniform,Blue,No,2640,660,Able Sisters,Winter,No,1.0.0,Active,For sale,Salopette
ice-hockey uniform,Green,No,2640,660,Able Sisters,Winter,No,1.0.0,Active,For sale,Salopette
ice-hockey uniform,Orange,No,2640,660,Able Sisters,Winter,No,1.0.0,Active,For sale,Salopette
ice-hockey uniform,Light blue,No,2640,660,Able Sisters,Winter,No,1.0.0,Active,For sale,Salopette
ice-hockey uniform,Gray,No,2640,660,Able Sisters,Winter,No,1.0.0,Active,For sale,Salopette
icy dress,Ice blue,No,5200,1300,Able Sisters,Winter,No,1.0.0,Gorgeous,For sale,Robe
impish costume,Black,No,2240,560,Able Sisters,All Year,No,1.0.0,Cool,For sale,Overall
impish costume,Red,No,2240,560,Able Sisters,All Year,No,1.0.0,Cool,For sale,Overall
instant-muscles suit,Purple,No,2280,570,Able Sisters,All Year,No,1.0.0,Active,For sale,Overall
instant-muscles suit,Green,No,2280,570,Able Sisters,All Year,No,1.0.0,Active,For sale,Overall
instant-muscles suit,Light blue,No,2280,570,Able Sisters,All Year,No,1.0.0,Active,For sale,Overall
instant-muscles suit,Orange,No,2280,570,Able Sisters,All Year,No,1.0.0,Active,For sale,Overall
instant-muscles suit,Lime,No,2280,570,Able Sisters,All Year,No,1.0.0,Active,For sale,Overall
instant-muscles suit,Red,No,2280,570,Able Sisters,All Year,No,1.0.0,Active,For sale,Overall
instant-muscles suit,Blue,No,2280,570,Able Sisters,All Year,No,1.0.0,Active,For sale,Overall
instant-muscles suit,Yellow,No,2280,570,Able Sisters,All Year,No,1.0.0,Active,For sale,Overall
iron armor,Gray,Yes,,6000,Crafting,All Year,No,1.0.0,Cool,Not for sale,Overall
jester costume,Purple & yellow,No,2240,560,Able Sisters,All Year,No,1.0.0,Active,For sale,Overall
jester costume,Black & white,No,2240,560,Able Sisters,All Year,No,1.0.0,Active,For sale,Overall
jester costume,Red & blue,No,2240,560,Able Sisters,All Year,No,1.0.0,Active,For sale,Overall
jester costume,Green & red,No,2240,560,Able Sisters,All Year,No,1.0.0,Active,For sale,Overall
jinbei,Dark blue,No,1820,455,Able Sisters,All Year,No,1.0.0,Simple,For sale,Overall
jinbei,Fuchsia,No,1820,455,Able Sisters,All Year,No,1.0.0,Simple,For sale,Overall
jinbei,Gray,No,1820,455,Able Sisters,All Year,No,1.0.0,Simple,For sale,Overall
jockey uniform,Sash,No,1920,480,Able Sisters,All Year,No,1.0.0,Active,For sale,Overall
jockey uniform,Checkered,No,1920,480,Able Sisters,All Year,No,1.0.0,Active,For sale,Overall
jockey uniform,Diamonds,No,1920,480,Able Sisters,All Year,No,1.0.0,Active,For sale,Overall
jockey uniform,Ring,No,1920,480,Able Sisters,All Year,No,1.0.0,Active,For sale,Overall
jockey uniform,Stars,No,1920,480,Able Sisters,All Year,No,1.0.0,Active,For sale,Overall
jockey uniform,Double sash,No,1920,480,Able Sisters,All Year,No,1.0.0,Active,For sale,Overall
jockey uniform,Vertical stripes,No,1920,480,Able Sisters,All Year,No,1.0.0,Active,For sale,Overall
jockey uniform,Zigzag,No,1920,480,Able Sisters,All Year,No,1.0.0,Active,For sale,Overall
judogi,White,No,1760,440,Able Sisters,All Year,No,1.0.0,Active,For sale,Overall
judogi,Blue,No,1760,440,Able Sisters,All Year,No,1.0.0,Active,For sale,Overall
jumper work suit,Orange,No,1050,262,Able Sisters,All Year,No,1.0.0,Active,For sale,Overall
jumper work suit,Red,No,1050,262,Able Sisters,All Year,No,1.0.0,Active,For sale,Overall
jumper work suit,Blue,No,1050,262,Able Sisters,All Year,No,1.0.0,Active,For sale,Overall
jumper work suit,Yellow,No,1050,262,Able Sisters,All Year,No,1.0.0,Active,For sale,Overall
jumper work suit,Green,No,1050,262,Able Sisters,All Year,No,1.0.0,Active,For sale,Overall
jumper work suit,Pink,No,1050,262,Able Sisters,All Year,No,1.0.0,Active,For sale,Overall
jumper work suit,Brown,No,1050,262,Able Sisters,All Year,No,1.0.0,Active,For sale,Overall
jumper work suit,Black,No,1050,262,Able Sisters,All Year,No,1.0.0,Active,For sale,Overall
junihitoe kimono,Red,No,7000,1750,Able Sisters,All Year,No,1.0.0,Gorgeous,For sale,Kimono
kabuki-actor yukata,Fuchsia,No,2400,600,Able Sisters,Summer,No,1.0.0,Elegant,For sale,Kimono
kabuki-actor yukata,Dark blue,No,2400,600,Able Sisters,Summer,No,1.0.0,Elegant,For sale,Kimono
kabuki-actor yukata,Gray,No,2400,600,Able Sisters,Summer,No,1.0.0,Elegant,For sale,Kimono
kandoora,White,No,2520,630,Able Sisters,All Year,No,1.0.0,Simple,For sale,B-long
kandoora,Brown,No,2520,630,Able Sisters,All Year,No,1.0.0,Simple,For sale,B-long
kandoora,Gray,No,2520,630,Able Sisters,All Year,No,1.0.0,Simple,For sale,B-long
kappa costume,Green,No,1700,425,Able Sisters,All Year,No,1.0.0,Cute,For sale,Overall
kappa costume,Pink,No,1700,425,Able Sisters,All Year,No,1.0.0,Cute,For sale,Overall
kiwi dress,Green,No,1500,375,Able Sisters,All Year,No,1.0.0,Cute,For sale,A-line
Labelle dress,Twilight,No,3400,850,Labelle,All Year,No,1.0.0,Elegant,For sale,A-line
Labelle dress,Midnight,No,3400,850,Labelle,All Year,No,1.0.0,Elegant,For sale,A-line
Labelle dress,Passion,No,3400,850,Labelle,All Year,No,1.0.0,Elegant,For sale,A-line
Labelle dress,Ocean,No,3400,850,Labelle,All Year,No,1.0.0,Elegant,For sale,A-line
Labelle dress,Sunset,No,3400,850,Labelle,All Year,No,1.0.0,Elegant,For sale,A-line
Labelle dress,Love,No,3400,850,Labelle,All Year,No,1.0.0,Elegant,For sale,A-line
lace-up dress,Pink,No,2500,625,Able Sisters,All Year,Yes,1.0.0,Cute,For sale,Balloon
lace-up dress,Blue,No,2500,625,Able Sisters,All Year,No,1.0.0,Cute,For sale,Balloon
lace-up dress,Purple,No,2500,625,Able Sisters,All Year,No,1.0.0,Cute,For sale,Balloon
lacy dress,Blue,No,1520,380,Able Sisters,Summer,No,1.0.0,Cute,For sale,A-line
lacy dress,Yellow,No,1520,380,Able Sisters,Summer,No,1.0.0,Cute,For sale,A-line
lacy dress,Pink,No,1520,380,Able Sisters,Summer,No,1.0.0,Cute,For sale,A-line
layered sleeveless dress,Moss green,No,1200,300,Able Sisters,Summer,No,1.0.0,Simple,For sale,Box
layered sleeveless dress,Orange,No,1200,300,Able Sisters,Summer,No,1.0.0,Simple,For sale,Box
layered sleeveless dress,Pink,No,1200,300,Able Sisters,Summer,No,1.0.0,Simple,For sale,Box
layered tank dress,Beige,No,1200,300,Able Sisters,All Year,No,1.0.0,Simple,For sale,Box
layered tank dress,Blue,No,1200,300,Able Sisters,All Year,No,1.0.0,Simple,For sale,Box
layered tank dress,Brown,No,1200,300,Able Sisters,All Year,No,1.0.0,Simple,For sale,Box
layered tank dress,Berry red,No,1200,300,Able Sisters,All Year,No,1.0.0,Simple,For sale,Box
leaf-egg outfit,None,Yes,,1200,Crafting,All Year,No,1.1.0a,Active,Not for sale,Rib
linen dress,Black,No,1600,400,Able Sisters,All Year,No,1.0.0,Simple,For sale,A-line
linen dress,Red,No,1600,400,Able Sisters,All Year,No,1.0.0,Simple,For sale,A-line
linen dress,Mustard,No,1600,400,Able Sisters,All Year,No,1.0.0,Simple,For sale,A-line
linen dress,White,No,1600,400,Able Sisters,All Year,No,1.0.0,Simple,For sale,A-line
linen dress,Blue,No,1600,400,Able Sisters,All Year,No,1.0.0,Simple,For sale,A-line
lively plaid dress,Green,No,1800,450,Able Sisters,All Year,No,1.0.0,Cute,For sale,A-line
long chenille cardigan,Mustard,No,2000,500,Able Sisters,Winter,No,1.0.0,Simple,For sale,Rib
long chenille cardigan,Blue,No,2000,500,Able Sisters,Winter,No,1.0.0,Simple,For sale,Rib
long chenille cardigan,Pink,No,2000,500,Able Sisters,Winter,No,1.0.0,Simple,For sale,Rib
long chenille cardigan,Green,No,2000,500,Able Sisters,Winter,No,1.0.0,Simple,For sale,Rib
long denim cardigan,Gray,No,2000,500,Able Sisters,All Year,Yes,1.0.0,Simple,For sale,Box
long denim cardigan,Pink,No,2000,500,Able Sisters,All Year,No,1.0.0,Simple,For sale,Box
long denim cardigan,Yellow,No,2000,500,Able Sisters,All Year,No,1.0.0,Simple,For sale,Box
long down coat,Black,No,1900,475,Able Sisters,Winter,No,1.0.0,Simple,For sale,A-long
long down coat,Green,No,1900,475,Able Sisters,Winter,No,1.0.0,Simple,For sale,A-long
long down coat,White,No,1900,475,Able Sisters,Winter,No,1.0.0,Simple,For sale,A-long
long down coat,Purple,No,1900,475,Able Sisters,Winter,No,1.0.0,Simple,For sale,A-long
long down coat,Beige,No,1900,475,Able Sisters,Winter,Yes,1.0.0,Simple,For sale,A-long
long pleather coat,Black,No,1840,460,Able Sisters,Winter,No,1.0.0,Cool,For sale,A-long
long pleather coat,Purple,No,1840,460,Able Sisters,Winter,No,1.0.0,Cool,For sale,A-long
long pleather coat,Brown,No,1840,460,Able Sisters,Winter,No,1.0.0,Cool,For sale,A-long
loose fall dress,Red,No,1800,450,Able Sisters,All Year,No,1.0.0,Elegant,For sale,Box
loose fall dress,Peacock blue,No,1800,450,Able Sisters,All Year,Yes,1.0.0,Elegant,For sale,Box
loose fall dress,Orange,No,1800,450,Able Sisters,All Year,No,1.0.0,Elegant,For sale,Box
loose fall dress,Blue,No,1800,450,Able Sisters,All Year,No,1.0.0,Elegant,For sale,Box
mage's robe,Black,No,4000,1000,Able Sisters,All Year,No,1.0.0,Cool,For sale,A-long
mage's robe,Blue,No,4000,1000,Able Sisters,All Year,No,1.0.0,Cool,For sale,A-long
mage's robe,White,No,4000,1000,Able Sisters,All Year,No,1.0.0,Cool,For sale,A-long
mage's robe,Red,No,4000,1000,Able Sisters,All Year,No,1.0.0,Cool,For sale,A-long
magical dress,Pink,No,3180,795,Able Sisters,All Year,No,1.0.0,Cute,For sale,Balloon
magical dress,Yellow,No,3180,795,Able Sisters,All Year,No,1.0.0,Cute,For sale,Balloon
magical dress,Green,No,3180,795,Able Sisters,All Year,No,1.0.0,Cute,For sale,Balloon
magical dress,Blue,No,3180,795,Able Sisters,All Year,No,1.0.0,Cute,For sale,Balloon
magical dress,Red,No,3180,795,Able Sisters,All Year,No,1.0.0,Cute,For sale,Balloon
magical dress,Purple,No,3180,795,Able Sisters,All Year,No,1.0.0,Cute,For sale,Balloon
magical dress,Black,No,3180,795,Able Sisters,All Year,No,1.0.0,Cute,For sale,Balloon
magical dress,Light blue,No,3180,795,Able Sisters,All Year,No,1.0.0,Cute,For sale,Balloon
maid dress,Black,No,2320,580,Able Sisters,All Year,No,1.0.0,Cute,For sale,Balloon
maid dress,Green,No,2320,580,Able Sisters,All Year,No,1.0.0,Cute,For sale,Balloon
maid dress,Red,No,2320,580,Able Sisters,All Year,No,1.0.0,Cute,For sale,Balloon
maid dress,Brown,No,2320,580,Able Sisters,All Year,No,1.0.0,Cute,For sale,Balloon
maid dress,Mint,No,2320,580,Able Sisters,All Year,No,1.0.0,Cute,For sale,Balloon
maid dress,Pink,No,2320,580,Able Sisters,All Year,No,1.0.0,Cute,For sale,Balloon
maid dress,Purple,No,2320,580,Able Sisters,All Year,No,1.0.0,Cute,For sale,Balloon
maid dress,Yellow,No,2320,580,Able Sisters,All Year,No,1.0.0,Cute,For sale,Balloon
marble-dots dress,Black,No,1500,375,Able Sisters,Summer,No,1.0.0,Active,For sale,A-line
marble-dots dress,White,No,1500,375,Able Sisters,Summer,No,1.0.0,Active,For sale,A-line
marble-print dress,Blue,No,1500,375,Able Sisters,All Year,No,1.0.0,Elegant,For sale,Box
marble-print dress,Pink,No,1500,375,Able Sisters,All Year,No,1.0.0,Elegant,For sale,Box
marble-print dress,Green,No,1500,375,Able Sisters,All Year,No,1.0.0,Elegant,For sale,Box
marble-print dress,Orange,No,1500,375,Able Sisters,All Year,No,1.0.0,Elegant,For sale,Box
marble-print dress,Purple,No,1500,375,Able Sisters,All Year,No,1.0.0,Elegant,For sale,Box
mariachi clothing,Navy blue,No,2520,630,Able Sisters,All Year,No,1.0.0,Elegant,For sale,Overall
mariachi clothing,Green,No,2520,630,Able Sisters,All Year,No,1.0.0,Elegant,For sale,Overall
mariachi clothing,Beige,No,2520,630,Able Sisters,All Year,No,1.0.0,Elegant,For sale,Overall
mariachi clothing,Red,No,2520,630,Able Sisters,All Year,No,1.0.0,Elegant,For sale,Overall
mariachi clothing,Blue,No,2520,630,Able Sisters,All Year,No,1.0.0,Elegant,For sale,Overall
mariachi clothing,Orange,No,2520,630,Able Sisters,All Year,No,1.0.0,Elegant,For sale,Overall
maxi shirtdress,Yellow,No,2000,500,Able Sisters,All Year,No,1.0.0,Simple,For sale,B-long
maxi shirtdress,Red,No,2000,500,Able Sisters,All Year,No,1.0.0,Simple,For sale,B-long
maxi shirtdress,Green,No,2000,500,Able Sisters,All Year,No,1.0.0,Simple,For sale,B-long
maxi shirtdress,Light blue,No,2000,500,Able Sisters,All Year,No,1.0.0,Simple,For sale,B-long
maxi shirtdress,White,No,2000,500,Able Sisters,All Year,Yes,1.0.0,Simple,For sale,B-long
maxi shirtdress,Pink,No,2000,500,Able Sisters,All Year,No,1.0.0,Simple,For sale,B-long
miko attire,Vermilion,No,2240,560,Able Sisters,All Year,No,1.0.0,Elegant,For sale,Kimono
miko attire,Aqua,No,2240,560,Able Sisters,All Year,No,1.0.0,Elegant,For sale,Kimono
milkmaid dress,Red,No,2520,630,Able Sisters,All Year,No,1.0.0,Elegant,For sale,Dress
milkmaid dress,Green,No,2520,630,Able Sisters,All Year,No,1.0.0,Elegant,For sale,Dress
milkmaid dress,Blue,No,2520,630,Able Sisters,All Year,No,1.0.0,Elegant,For sale,Dress
moldy dress,Beige,No,,10,Recycle bin,All Year,No,1.0.0,Simple,Not for sale,A-line
morning-glory yukata,Aqua,No,2280,570,Able Sisters,Summer,No,1.0.0,Elegant,For sale,Kimono
morning-glory yukata,White,No,2280,570,Able Sisters,Summer,Yes,1.0.0,Elegant,For sale,Kimono
morning-glory yukata,Pale green,No,2280,570,Able Sisters,Summer,No,1.0.0,Elegant,For sale,Kimono
morning-glory yukata,Dark blue,No,2280,570,Able Sisters,Summer,No,1.0.0,Elegant,For sale,Kimono
mummy outfit,White,No,700,175,Able Sisters,All Year,No,1.0.0,Cool,For sale,Overall
mysterious dress,Purple,No,3120,780,Able Sisters,All Year,No,1.0.0,Cool,For sale,A-long
mysterious dress,Black,No,3120,780,Able Sisters,All Year,Yes,1.0.0,Cool,For sale,A-long
mysterious dress,Red,No,3120,780,Able Sisters,All Year,No,1.0.0,Cool,For sale,A-long
nightgown,Blue,No,2100,525,Able Sisters,All Year,No,1.0.0,Elegant,For sale,A-long
nightgown,Pink,No,2100,525,Able Sisters,All Year,No,1.0.0,Elegant,For sale,A-long
nightgown,Purple,No,2100,525,Able Sisters,All Year,No,1.0.0,Elegant,For sale,A-long
nightgown,Beige,No,2100,525,Able Sisters,All Year,No,1.0.0,Elegant,For sale,A-long
nightgown,White,No,2100,525,Able Sisters,All Year,No,1.0.0,Elegant,For sale,A-long
ninja costume,Dark blue,No,2240,560,Able Sisters,All Year,No,1.0.0,Active,For sale,Overall
ninja costume,Gray,No,2240,560,Able Sisters,All Year,No,1.0.0,Active,For sale,Overall
ninja costume,Red,No,2240,560,Able Sisters,All Year,No,1.0.0,Active,For sale,Overall
ninja costume,Purple,No,2240,560,Able Sisters,All Year,No,1.0.0,Active,For sale,Overall
ninja costume,Aqua,No,2240,560,Able Sisters,All Year,No,1.0.0,Active,For sale,Overall
ninja costume,Green,No,2240,560,Able Sisters,All Year,No,1.0.0,Active,For sale,Overall
ninja costume,Yellow,No,2240,560,Able Sisters,All Year,No,1.0.0,Active,For sale,Overall
ninja costume,Orange,No,2240,560,Able Sisters,All Year,No,1.0.0,Active,For sale,Overall
noble dress,Green,No,5200,1300,Able Sisters,All Year,No,1.0.0,Gorgeous,For sale,Dress
noble dress,Ruby red,No,5200,1300,Able Sisters,All Year,No,1.0.0,Gorgeous,For sale,Dress
noble dress,White,No,5200,1300,Able Sisters,All Year,No,1.0.0,Gorgeous,For sale,Dress
noble dress,Blue,No,5200,1300,Able Sisters,All Year,No,1.0.0,Gorgeous,For sale,Dress
noble dress,Black,No,5200,1300,Able Sisters,All Year,No,1.0.0,Gorgeous,For sale,Dress
noble dress,Purple,No,5200,1300,Able Sisters,All Year,No,1.0.0,Gorgeous,For sale,Dress
noble dress,Yellow,No,5200,1300,Able Sisters,All Year,No,1.0.0,Gorgeous,For sale,Dress
noble dress,Red,No,5200,1300,Able Sisters,All Year,No,1.0.0,Gorgeous,For sale,Dress
noble zap suit,Pink,No,2760,690,Able Sisters,All Year,No,1.0.0,Active,For sale,A-line
noble zap suit,Blue,No,2760,690,Able Sisters,All Year,No,1.0.0,Active,For sale,A-line
noble zap suit,Green,No,2760,690,Able Sisters,All Year,No,1.0.0,Active,For sale,A-line
noble zap suit,Red,No,2760,690,Able Sisters,All Year,No,1.0.0,Active,For sale,A-line
noble zap suit,Yellow,No,2760,690,Able Sisters,All Year,No,1.0.0,Active,For sale,A-line
noble zap suit,Black,No,2760,690,Able Sisters,All Year,No,1.0.0,Active,For sale,A-line
noble zap suit,Silver,No,2760,690,Able Sisters,All Year,No,1.0.0,Active,For sale,A-line
noble zap suit,White,No,2760,690,Able Sisters,All Year,No,1.0.0,Active,For sale,A-line
nurse's dress uniform,Pink,No,2200,550,Able Sisters,All Year,No,1.0.0,Simple,For sale,Box
nurse's dress uniform,White,No,2200,550,Able Sisters,All Year,No,1.0.0,Simple,For sale,Box
nurse's dress uniform,Blue,No,2200,550,Able Sisters,All Year,No,1.0.0,Simple,For sale,Box
office uniform,Blue,No,1600,400,Able Sisters,All Year,No,1.0.0,Simple,For sale,Box
office uniform,Pink,No,1600,400,Able Sisters,All Year,No,1.0.0,Simple,For sale,Box
office uniform,Gray,No,1600,400,Able Sisters,All Year,No,1.0.0,Simple,For sale,Box
old commoner's kimono,Golden yellow,No,1920,480,Able Sisters,All Year,No,1.0.0,Simple,For sale,Kimono
old commoner's kimono,Blue,No,1920,480,Able Sisters,All Year,No,1.0.0,Simple,For sale,Kimono
old commoner's kimono,Green,No,1920,480,Able Sisters,All Year,No,1.0.0,Simple,For sale,Kimono
old commoner's kimono,Red,No,1920,480,Able Sisters,All Year,No,1.0.0,Simple,For sale,Kimono
orange dress,Orange,Yes,,1600,Crafting,All Year,No,1.0.0,Cute,Not for sale,A-line
overall dress,Denim,No,2000,500,Able Sisters,All Year,No,1.0.0,Active,For sale,Box
overall dress,Yellow,No,2000,500,Able Sisters,All Year,No,1.0.0,Active,For sale,Box
overall dress,Beige,No,2000,500,Able Sisters,All Year,No,1.0.0,Active,For sale,Box
overall dress,Red,No,2000,500,Able Sisters,All Year,No,1.0.0,Active,For sale,Box
overall dress,Green,No,2000,500,Able Sisters,All Year,No,1.0.0,Active,For sale,Box
oversized print dress,Pink,No,1800,450,Able Sisters,Summer,No,1.0.0,Cute,For sale,Box
oversized print dress,Blue,No,1800,450,Able Sisters,Summer,No,1.0.0,Cute,For sale,Box
oversized print dress,Green,No,1800,450,Able Sisters,Summer,No,1.0.0,Cute,For sale,Box
oversized print dress,Brown,No,1800,450,Able Sisters,Summer,No,1.0.0,Cute,For sale,Box
oversized print dress,Orange,No,1800,450,Able Sisters,Summer,No,1.0.0,Cute,For sale,Box
oversized print dress,Beige,No,1800,450,Able Sisters,Summer,No,1.0.0,Cute,For sale,Box
oversized-sweats dress,Red,No,1500,375,Able Sisters,All Year,No,1.0.0,Active,For sale,Rib
oversized-sweats dress,Light blue,No,1500,375,Able Sisters,All Year,No,1.0.0,Active,For sale,Rib
oversized-sweats dress,Yellow,No,1500,375,Able Sisters,All Year,No,1.0.0,Active,For sale,Rib
oversized-sweats dress,Orange,No,1500,375,Able Sisters,All Year,Yes,1.0.0,Active,For sale,Rib
oversized-sweats dress,Pink,No,1500,375,Able Sisters,All Year,No,1.0.0,Active,For sale,Rib
painter's coverall,Beige,No,1600,400,Able Sisters,All Year,No,1.0.0,Active,For sale,Overall
painter's coverall,Green,No,1600,400,Able Sisters,All Year,No,1.0.0,Active,For sale,Overall
painter's coverall,White,No,1600,400,Able Sisters,All Year,No,1.0.0,Active,For sale,Overall
pajama dress,Navy blue,No,1200,300,Able Sisters,All Year,No,1.0.0,Simple,For sale,Box
pajama dress,Green,No,1200,300,Able Sisters,All Year,No,1.0.0,Simple,For sale,Box
pajama dress,Gray,No,1200,300,Able Sisters,All Year,No,1.0.0,Simple,For sale,Box
pajama dress,Berry red,No,1200,300,Able Sisters,All Year,No,1.0.0,Simple,For sale,Box
pajama dress,Brown,No,1200,300,Able Sisters,All Year,No,1.0.0,Simple,For sale,Box
palatial tank dress,White,No,2520,630,Able Sisters,All Year,No,1.0.0,Gorgeous,For sale,A-long
parka and shirtdress,Blue,No,1600,400,Able Sisters,All Year,No,1.0.0,Cool,For sale,Rib
parka and shirtdress,Yellow,No,1600,400,Able Sisters,All Year,No,1.0.0,Cool,For sale,Rib
parka and shirtdress,Red,No,1600,400,Able Sisters,All Year,No,1.0.0,Cool,For sale,Rib
parka dress,Yellow,No,1600,400,Able Sisters,All Year,No,1.0.0,Active,For sale,Rib
parka dress,Orange,No,1600,400,Able Sisters,All Year,No,1.0.0,Active,For sale,Rib
parka dress,Blue,No,1600,400,Able Sisters,All Year,No,1.0.0,Active,For sale,Rib
parka dress,Green,No,1600,400,Able Sisters,All Year,No,1.0.0,Active,For sale,Rib
parka dress,Pink,No,1600,400,Able Sisters,All Year,No,1.0.0,Active,For sale,Rib
peach dress,Peach,Yes,,1600,Crafting,All Year,No,1.0.0,Cute,Not for sale,A-line
peacoat-and-skirt combo,Blue,No,2400,600,Able Sisters,Winter,No,1.0.0,Cute,For sale,A-line
peacoat-and-skirt combo,Red,No,2400,600,Able Sisters,Winter,Yes,1.0.0,Cute,For sale,A-line
pear dress,Beige,Yes,,1600,Crafting,All Year,No,1.0.0,Cute,Not for sale,A-line
pharaoh's outfit,White,No,2520,630,Able Sisters,All Year,No,1.0.0,Gorgeous,For sale,B-long
pilot's uniform,Navy blue,No,2240,560,Able Sisters,All Year,No,1.0.0,Active,For sale,Overall
pilot's uniform,Black,No,2240,560,Able Sisters,All Year,No,1.0.0,Active,For sale,Overall
pilot's uniform,Light blue,No,2240,560,Able Sisters,All Year,No,1.0.0,Active,For sale,Overall
pinafore,Dark blue,No,1600,400,Able Sisters,All Year,No,1.0.0,Simple,For sale,B-long
pinafore,Pink,No,1600,400,Able Sisters,All Year,No,1.0.0,Simple,For sale,B-long
pinafore,Muslin,No,1600,400,Able Sisters,All Year,No,1.0.0,Simple,For sale,B-long
pineapple dress,Yellow,No,1500,375,Able Sisters,Summer,No,1.0.0,Cute,For sale,A-line
pintuck-pleated dress,Pink,No,1600,400,Able Sisters,Summer,No,1.0.0,Cute,For sale,Balloon
pintuck-pleated dress,Lime,No,1600,400,Able Sisters,Summer,No,1.0.0,Cute,For sale,Balloon
pintuck-pleated dress,Green,No,1600,400,Able Sisters,Summer,No,1.0.0,Cute,For sale,Balloon
pintuck-pleated dress,Purple,No,1600,400,Able Sisters,Summer,No,1.0.0,Cute,For sale,Balloon
pintuck-pleated dress,Light blue,No,1600,400,Able Sisters,Summer,Yes,1.0.0,Cute,For sale,Balloon
pintuck-pleated dress,Brown,No,1600,400,Able Sisters,Summer,No,1.0.0,Cute,For sale,Balloon
PJ outfit,Blue,No,1050,262,Able Sisters,All Year,No,1.0.0,Simple,For sale,Overall
PJ outfit,Navy blue,No,1050,262,Able Sisters,All Year,No,1.0.0,Simple,For sale,Overall
PJ outfit,Gray,No,1050,262,Able Sisters,All Year,No,1.0.0,Simple,For sale,Overall
PJ outfit,Green,No,1050,262,Able Sisters,All Year,No,1.0.0,Simple,For sale,Overall
PJ outfit,Red,No,1050,262,Able Sisters,All Year,No,1.0.0,Simple,For sale,Overall
plaid-print dress,Fancy plaid,No,2000,500,Able Sisters,Summer,Yes,1.0.0,Cute,For sale,Balloon
plaid-print dress,Energetic plaid,No,2000,500,Able Sisters,Summer,No,1.0.0,Cute,For sale,Balloon
plaid-print dress,Dreamy plaid,No,2000,500,Able Sisters,Summer,No,1.0.0,Cute,For sale,Balloon
plaid-print dress,Sweet plaid,No,2000,500,Able Sisters,Summer,No,1.0.0,Cute,For sale,Balloon
plover dress,Brown,No,1600,400,Able Sisters,All Year,No,1.0.0,Elegant,For sale,Box
plover dress,Gray,No,1600,400,Able Sisters,All Year,No,1.0.0,Elegant,For sale,Box
plover dress,Green,No,1600,400,Able Sisters,All Year,No,1.0.0,Elegant,For sale,Box
power suit,Blue,No,3780,945,Able Sisters,All Year,No,1.0.0,Active,For sale,Overall
power suit,Green,No,3780,945,Able Sisters,All Year,No,1.0.0,Active,For sale,Overall
power suit,Black,No,3780,945,Able Sisters,All Year,No,1.0.0,Active,For sale,Overall
power suit,Red,No,3780,945,Able Sisters,All Year,No,1.0.0,Active,For sale,Overall
prim outfit,Blue,No,1920,480,Able Sisters,All Year,No,1.0.0,Elegant,For sale,Box
prim outfit,Gray,No,1920,480,Able Sisters,All Year,No,1.0.0,Elegant,For sale,Box
prim outfit,Pink,No,1920,480,Able Sisters,All Year,No,1.0.0,Elegant,For sale,Box
princess dress,Blue,No,5500,1375,Able Sisters,All Year,No,1.0.0,Elegant,For sale,Dress
princess dress,Green,No,5500,1375,Able Sisters,All Year,No,1.0.0,Elegant,For sale,Dress
princess dress,Yellow,No,5500,1375,Able Sisters,All Year,No,1.0.0,Elegant,For sale,Dress
princess dress,Pink,No,5500,1375,Able Sisters,All Year,No,1.0.0,Elegant,For sale,Dress
princess dress,Purple,No,5500,1375,Able Sisters,All Year,No,1.0.0,Elegant,For sale,Dress
princess dress,Mint,No,5500,1375,Able Sisters,All Year,No,1.0.0,Elegant,For sale,Dress
princess dress,Orange,No,5500,1375,Able Sisters,All Year,No,1.0.0,Elegant,For sale,Dress
princess dress,Gray,No,5500,1375,Able Sisters,All Year,No,1.0.0,Elegant,For sale,Dress
racing outfit,Red,No,2450,612,Able Sisters,All Year,No,1.0.0,Active,For sale,Overall
racing outfit,Blue,No,2450,612,Able Sisters,All Year,No,1.0.0,Active,For sale,Overall
racing outfit,Yellow,No,2450,612,Able Sisters,All Year,No,1.0.0,Active,For sale,Overall
racing outfit,Black,No,2450,612,Able Sisters,All Year,No,1.0.0,Active,For sale,Overall
rad power skirt suit,Red,No,2240,560,Able Sisters,All Year,No,1.0.0,Gorgeous,For sale,Box
rad power skirt suit,Pink,No,2240,560,Able Sisters,All Year,No,1.0.0,Gorgeous,For sale,Box
rad power skirt suit,Purple,No,2240,560,Able Sisters,All Year,No,1.0.0,Gorgeous,For sale,Box
rad power skirt suit,Blue,No,2240,560,Able Sisters,All Year,No,1.0.0,Gorgeous,For sale,Box
rad power skirt suit,Green,No,2240,560,Able Sisters,All Year,No,1.0.0,Gorgeous,For sale,Box
rad power skirt suit,Yellow,No,2240,560,Able Sisters,All Year,No,1.0.0,Gorgeous,For sale,Box
rad power skirt suit,Light blue,No,2240,560,Able Sisters,All Year,No,1.0.0,Gorgeous,For sale,Box
Renaissance dress,Red,No,6000,1500,Able Sisters,All Year,No,1.0.0,Gorgeous,For sale,A-long
Renaissance dress,Green,No,6000,1500,Able Sisters,All Year,No,1.0.0,Gorgeous,For sale,A-long
Renaissance dress,Blue,No,6000,1500,Able Sisters,All Year,No,1.0.0,Gorgeous,For sale,A-long
Renaissance dress,Navy blue,No,6000,1500,Able Sisters,All Year,No,1.0.0,Gorgeous,For sale,A-long
Renaissance dress,Pink,No,6000,1500,Able Sisters,All Year,No,1.0.0,Gorgeous,For sale,A-long
Renaissance dress,Purple,No,6000,1500,Able Sisters,All Year,No,1.0.0,Gorgeous,For sale,A-long
retro A-line dress,Pink,No,2550,637,Able Sisters,All Year,Yes,1.0.0,Cute,For sale,A-line
retro A-line dress,Blue,No,2550,637,Able Sisters,All Year,No,1.0.0,Cute,For sale,A-line
retro A-line dress,Light blue,No,2550,637,Able Sisters,All Year,No,1.0.0,Cute,For sale,A-line
retro A-line dress,Yellow,No,2550,637,Able Sisters,All Year,No,1.0.0,Cute,For sale,A-line
retro A-line dress,Black,No,2550,637,Able Sisters,All Year,No,1.0.0,Cute,For sale,A-line
retro dress,Green,No,2550,637,Able Sisters,All Year,No,1.0.0,Elegant,For sale,Box
retro dress,Black,No,2550,637,Able Sisters,All Year,No,1.0.0,Elegant,For sale,Box
retro dress,Orange,No,2550,637,Able Sisters,All Year,No,1.0.0,Elegant,For sale,Box
retro dress,Pink,No,2550,637,Able Sisters,All Year,No,1.0.0,Elegant,For sale,Box
retro dress,Yellow,No,2550,637,Able Sisters,All Year,No,1.0.0,Elegant,For sale,Box
retro dress,Light blue,No,2550,637,Able Sisters,All Year,Yes,1.0.0,Elegant,For sale,Box
retro sleeveless dress,Yellow,No,1600,400,Able Sisters,All Year,No,1.0.0,Elegant,For sale,Box
retro sleeveless dress,Green,No,1600,400,Able Sisters,All Year,No,1.0.0,Elegant,For sale,Box
retro sleeveless dress,Red,No,1600,400,Able Sisters,All Year,No,1.0.0,Elegant,For sale,Box
retro sleeveless dress,Pink,No,1600,400,Able Sisters,All Year,No,1.0.0,Elegant,For sale,Box
retro sleeveless dress,Blue,No,1600,400,Able Sisters,All Year,No,1.0.0,Elegant,For sale,Box
ruffled dress,Purple,No,4240,1060,Able Sisters,All Year,Yes,1.0.0,Cute,For sale,Balloon
ruffled dress,Black,No,4240,1060,Able Sisters,All Year,No,1.0.0,Cute,For sale,Balloon
ruffled dress,Red,No,4240,1060,Able Sisters,All Year,No,1.0.0,Cute,For sale,Balloon
rugby uniform,Red & white,No,1760,440,Able Sisters,All Year,No,1.0.0,Active,For sale,Overall
rugby uniform,Blue & white,No,1760,440,Able Sisters,All Year,No,1.0.0,Active,For sale,Overall
rugby uniform,Green & white,No,1760,440,Able Sisters,All Year,No,1.0.0,Active,For sale,Overall
rugby uniform,Orange & white,No,1760,440,Able Sisters,All Year,No,1.0.0,Active,For sale,Overall
rugby uniform,Red & black,No,1760,440,Able Sisters,All Year,No,1.0.0,Active,For sale,Overall
rugby uniform,Blue & black,No,1760,440,Able Sisters,All Year,No,1.0.0,Active,For sale,Overall
rugby uniform,Green & black,No,1760,440,Able Sisters,All Year,No,1.0.0,Active,For sale,Overall
rugby uniform,Orange & black,No,1760,440,Able Sisters,All Year,No,1.0.0,Active,For sale,Overall
rumba costume,Red,No,2600,650,Able Sisters,All Year,No,1.0.0,Elegant,For sale,Salopette
rumba costume,Orange,No,2600,650,Able Sisters,All Year,No,1.0.0,Elegant,For sale,Salopette
rumba costume,Pink,No,2600,650,Able Sisters,All Year,No,1.0.0,Elegant,For sale,Salopette
rumba dress,Red,No,2600,650,Able Sisters,All Year,No,1.0.0,Elegant,For sale,A-long
rumba dress,Orange,No,2600,650,Able Sisters,All Year,No,1.0.0,Elegant,For sale,A-long
rumba dress,Pink,No,2600,650,Able Sisters,All Year,No,1.0.0,Elegant,For sale,A-long
sailor-collar dress,White,No,1920,480,Able Sisters,Summer,Yes,1.0.0,Cute,For sale,Balloon
sailor-collar dress,Navy blue,No,1920,480,Able Sisters,Summer,No,1.0.0,Cute,For sale,Balloon
sailor-collar dress,Blue,No,1920,480,Able Sisters,Summer,No,1.0.0,Cute,For sale,Balloon
sailor-collar dress,Pink,No,1920,480,Able Sisters,Summer,No,1.0.0,Cute,For sale,Balloon
sari,Garnet,No,2520,630,Able Sisters,All Year,No,1.0.0,Elegant,For sale,B-long
sari,Aquamarine,No,2520,630,Able Sisters,All Year,No,1.0.0,Elegant,For sale,B-long
sari,Topaz,No,2520,630,Able Sisters,All Year,No,1.0.0,Elegant,For sale,B-long
sari,Amethyst,No,2520,630,Able Sisters,All Year,No,1.0.0,Elegant,For sale,B-long
satin dress,Green,No,1600,400,Able Sisters,All Year,No,1.0.0,Gorgeous,For sale,Balloon
satin dress,Blue,No,1600,400,Able Sisters,All Year,No,1.0.0,Gorgeous,For sale,Balloon
satin dress,Berry red,No,1600,400,Able Sisters,All Year,No,1.0.0,Gorgeous,For sale,Balloon
satin dress,Purple,No,1600,400,Able Sisters,All Year,No,1.0.0,Gorgeous,For sale,Balloon
satin dress,Pink,No,1600,400,Able Sisters,All Year,No,1.0.0,Gorgeous,For sale,Balloon
school smock,Blue,No,2000,500,Able Sisters,All Year,No,1.0.0,Simple,For sale,Box
security uniform,Navy blue,No,2240,560,Able Sisters,All Year,No,1.0.0,Active,For sale,Overall
shawl-and-dress combo,Black,No,2000,500,Able Sisters,Winter,No,1.0.0,Elegant,For sale,Rib
shawl-and-dress combo,Ochre,No,2000,500,Able Sisters,Winter,Yes,1.0.0,Elegant,For sale,Rib
shawl-and-dress combo,Green,No,2000,500,Able Sisters,Winter,No,1.0.0,Elegant,For sale,Rib
shawl-and-dress combo,Red,No,2000,500,Able Sisters,Winter,No,1.0.0,Elegant,For sale,Rib
sheep costume,White,No,1700,425,Able Sisters,All Year,No,1.0.0,Cute,For sale,Rib
sheep costume,Pink,No,1700,425,Able Sisters,All Year,No,1.0.0,Cute,For sale,Rib
sheep costume,Light blue,No,1700,425,Able Sisters,All Year,No,1.0.0,Cute,For sale,Rib
sheep costume,Brown,No,1700,425,Able Sisters,All Year,No,1.0.0,Cute,For sale,Rib
shell dress,Pink,No,3500,875,Able Sisters,Summer,No,1.0.0,Gorgeous,For sale,A-long
shell dress,Blue,No,3500,875,Able Sisters,Summer,No,1.0.0,Gorgeous,For sale,A-long
shell dress,Yellow,No,3500,875,Able Sisters,Summer,No,1.0.0,Gorgeous,For sale,A-long
shell dress,Mint,No,3500,875,Able Sisters,Summer,No,1.0.0,Gorgeous,For sale,A-long
shell dress,Red,No,3500,875,Able Sisters,Summer,No,1.0.0,Gorgeous,For sale,A-long
shell dress,Purple,No,3500,875,Able Sisters,Summer,No,1.0.0,Gorgeous,For sale,A-long
shirtdress,Navy blue,No,1600,400,Able Sisters,All Year,No,1.0.0,Simple,For sale,Box
shirtdress,Beige,No,1600,400,Able Sisters,All Year,No,1.0.0,Simple,For sale,Box
shirtdress,Olive,No,1600,400,Able Sisters,All Year,No,1.0.0,Simple,For sale,Box
shorts outfit,Brown,No,1680,420,Able Sisters,Summer,No,1.0.0,Elegant,For sale,Salopette
shorts outfit,Light blue,No,1680,420,Able Sisters,Summer,No,1.0.0,Elegant,For sale,Salopette
shorts outfit,Blue,No,1680,420,Able Sisters,Summer,No,1.0.0,Elegant,For sale,Salopette
shorts outfit,Pink,No,1680,420,Able Sisters,Summer,No,1.0.0,Elegant,For sale,Salopette
shorts outfit,Black,No,1680,420,Able Sisters,Summer,No,1.0.0,Elegant,For sale,Salopette
simple checkered dress,Pink,No,1200,300,Able Sisters,Summer,No,1.0.0,Simple,For sale,A-line
simple checkered dress,Green,No,1200,300,Able Sisters,Summer,No,1.0.0,Simple,For sale,A-line
simple checkered dress,Beige,No,1200,300,Able Sisters,Summer,No,1.0.0,Simple,For sale,A-line
simple visiting kimono,Pale green,No,2480,620,Able Sisters,All Year,No,1.0.0,Elegant,For sale,Kimono
simple visiting kimono,Wisteria,No,2480,620,Able Sisters,All Year,No,1.0.0,Elegant,For sale,Kimono
simple visiting kimono,Pink,No,2480,620,Able Sisters,All Year,No,1.0.0,Elegant,For sale,Kimono
simple visiting kimono,Indigo blue,No,2480,620,Able Sisters,All Year,No,1.0.0,Elegant,For sale,Kimono
simple visiting kimono,Orange,No,2480,620,Able Sisters,All Year,No,1.0.0,Elegant,For sale,Kimono
simple visiting kimono,Aqua,No,2480,620,Able Sisters,All Year,No,1.0.0,Elegant,For sale,Kimono
simple visiting kimono,Yellow,No,2480,620,Able Sisters,All Year,No,1.0.0,Elegant,For sale,Kimono
simple visiting kimono,Gray,No,2480,620,Able Sisters,All Year,No,1.0.0,Elegant,For sale,Kimono
simple-dots dress,Red,No,1200,300,Able Sisters,Summer,No,1.0.0,Simple,For sale,A-line
simple-dots dress,Yellow,No,1200,300,Able Sisters,Summer,No,1.0.0,Simple,For sale,A-line
simple-dots dress,Light blue,No,1200,300,Able Sisters,Summer,No,1.0.0,Simple,For sale,A-line
simple-dots dress,Green,No,1200,300,Able Sisters,Summer,No,1.0.0,Simple,For sale,A-line
simple-dots dress,Black,No,1200,300,Able Sisters,Summer,No,1.0.0,Simple,For sale,A-line
skirt with suspenders,Red,No,1600,400,Able Sisters,All Year,No,1.0.0,Cute,For sale,A-line
skirt with suspenders,Orange,No,1600,400,Able Sisters,All Year,No,1.0.0,Cute,For sale,A-line
skirt with suspenders,Pink,No,1600,400,Able Sisters,All Year,No,1.0.0,Cute,For sale,A-line
skirt with suspenders,Blue,No,1600,400,Able Sisters,All Year,No,1.0.0,Cute,For sale,A-line
skirt with suspenders,Gray,No,1600,400,Able Sisters,All Year,No,1.0.0,Cute,For sale,A-line
sky-egg outfit,None,Yes,,1200,Crafting,All Year,No,1.1.0a,Active,Not for sale,Rib
sleeveless shirtdress,Blue,No,1600,400,Able Sisters,Summer,No,1.0.0,Simple,For sale,A-line
sleeveless shirtdress,White,No,1600,400,Able Sisters,Summer,No,1.0.0,Simple,For sale,A-line
sleeveless shirtdress,Pink,No,1600,400,Able Sisters,Summer,No,1.0.0,Simple,For sale,A-line
sleeveless shirtdress,Lime,No,1600,400,Able Sisters,Summer,No,1.0.0,Simple,For sale,A-line
sleeveless silk dress,Red,No,2520,630,Able Sisters,All Year,No,1.0.0,Elegant,For sale,B-long
sleeveless silk dress,Green,No,2520,630,Able Sisters,All Year,No,1.0.0,Elegant,For sale,B-long
sleeveless silk dress,Navy blue,No,2520,630,Able Sisters,All Year,No,1.0.0,Elegant,For sale,B-long
sleeveless silk dress,White,No,2520,630,Able Sisters,All Year,No,1.0.0,Elegant,For sale,B-long
sleeveless silk dress,Pink,No,2520,630,Able Sisters,All Year,No,1.0.0,Elegant,For sale,B-long
sleeveless silk dress,Light blue,No,2520,630,Able Sisters,All Year,No,1.0.0,Elegant,For sale,B-long
sleeveless silk dress,Yellow,No,2520,630,Able Sisters,All Year,No,1.0.0,Elegant,For sale,B-long
sleeveless sweater dress,Gray,No,1600,400,Able Sisters,All Year,No,1.0.0,Active,For sale,Rib
sleeveless sweater dress,Black,No,1600,400,Able Sisters,All Year,No,1.0.0,Active,For sale,Rib
sleeveless sweater dress,White,No,1600,400,Able Sisters,All Year,No,1.0.0,Active,For sale,Rib
sleeveless sweater dress,Purple,No,1600,400,Able Sisters,All Year,No,1.0.0,Active,For sale,Rib
sleeveless sweater dress,Light blue,No,1600,400,Able Sisters,All Year,No,1.0.0,Active,For sale,Rib
sleeveless sweater dress,Lime,No,1600,400,Able Sisters,All Year,No,1.0.0,Active,For sale,Rib
space suit,White,No,5000,1250,Able Sisters,All Year,No,1.0.0,Cool,For sale,Overall
sprite costume,Green,No,2500,625,Able Sisters,All Year,No,1.0.0,Cute,For sale,Overall
sprite costume,Red,No,2500,625,Able Sisters,All Year,No,1.0.0,Cute,For sale,Overall
sprite costume,Brown,No,2500,625,Able Sisters,All Year,No,1.0.0,Cute,For sale,Overall
sprite costume,Blue,No,2500,625,Able Sisters,All Year,No,1.0.0,Cute,For sale,Overall
sprite costume,Yellow,No,2500,625,Able Sisters,All Year,No,1.0.0,Cute,For sale,Overall
sprite costume,Pink,No,2500,625,Able Sisters,All Year,No,1.0.0,Cute,For sale,Overall
sprite costume,Mint,No,2500,625,Able Sisters,All Year,No,1.0.0,Cute,For sale,Overall
star costume,White,No,2800,700,Able Sisters,All Year,No,1.0.0,Gorgeous,For sale,Overall
star costume,Black,No,2800,700,Able Sisters,All Year,No,1.0.0,Gorgeous,For sale,Overall
star costume,Red,No,2800,700,Able Sisters,All Year,No,1.0.0,Gorgeous,For sale,Overall
star costume,Navy blue,No,2800,700,Able Sisters,All Year,No,1.0.0,Gorgeous,For sale,Overall
star costume,Yellow,No,2800,700,Able Sisters,All Year,No,1.0.0,Gorgeous,For sale,Overall
steampunk costume,Red,No,2240,560,Able Sisters,All Year,No,1.0.0,Cool,For sale,Overall
steampunk costume,Purple,No,2240,560,Able Sisters,All Year,No,1.0.0,Cool,For sale,Overall
stellar jumpsuit,Green,No,1600,400,Able Sisters,All Year,No,1.0.0,Active,For sale,Salopette
stellar jumpsuit,Blue,No,1600,400,Able Sisters,All Year,No,1.0.0,Active,For sale,Salopette
stellar jumpsuit,Dark red,No,1600,400,Able Sisters,All Year,No,1.0.0,Active,For sale,Salopette
stellar jumpsuit,Purple,No,1600,400,Able Sisters,All Year,No,1.0.0,Active,For sale,Salopette
stellar jumpsuit,Red,No,1600,400,Able Sisters,All Year,No,1.0.0,Active,For sale,Salopette
stone-egg outfit,None,Yes,,1200,Crafting,All Year,No,1.1.0a,Active,Not for sale,Rib
strawberry dress,Red,No,1800,450,Able Sisters,All Year,No,1.0.0,Cute,For sale,A-line
striped dress,Black,No,1600,400,Able Sisters,All Year,No,1.0.0,Simple,For sale,A-line
striped dress,Orange,No,1600,400,Able Sisters,All Year,No,1.0.0,Simple,For sale,A-line
striped dress,Blue,No,1600,400,Able Sisters,All Year,No,1.0.0,Simple,For sale,A-line
striped dress,Yellow,No,1600,400,Able Sisters,All Year,No,1.0.0,Simple,For sale,A-line
striped dress,Red,No,1600,400,Able Sisters,All Year,No,1.0.0,Simple,For sale,A-line
striped dress,Gray,No,1600,400,Able Sisters,All Year,No,1.0.0,Simple,For sale,A-line
striped dress,Green,No,1600,400,Able Sisters,All Year,No,1.0.0,Simple,For sale,A-line
striped dress,Pink,No,1600,400,Able Sisters,All Year,No,1.0.0,Simple,For sale,A-line
striped halter dress,Pink,No,1500,375,Able Sisters,Summer,No,1.0.0,Elegant,For sale,A-line
striped halter dress,Green,No,1500,375,Able Sisters,Summer,No,1.0.0,Elegant,For sale,A-line
striped halter dress,Orange,No,1500,375,Able Sisters,Summer,No,1.0.0,Elegant,For sale,A-line
striped halter dress,Light blue,No,1500,375,Able Sisters,Summer,Yes,1.0.0,Elegant,For sale,A-line
striped maxi dress,Red,No,1400,350,Able Sisters,Summer,No,1.0.0,Elegant,For sale,A-long
striped maxi dress,Blue,No,1400,350,Able Sisters,Summer,No,1.0.0,Elegant,For sale,A-long
striped maxi dress,Green,No,1400,350,Able Sisters,Summer,No,1.0.0,Elegant,For sale,A-long
striped maxi dress,Orange,No,1400,350,Able Sisters,Summer,No,1.0.0,Elegant,For sale,A-long
stylish jumpsuit,Black,No,2100,525,Able Sisters,All Year,No,1.0.0,Elegant,For sale,Salopette
stylish jumpsuit,Gray,No,2100,525,Able Sisters,All Year,No,1.0.0,Elegant,For sale,Salopette
stylish jumpsuit,Beige,No,2100,525,Able Sisters,All Year,No,1.0.0,Elegant,For sale,Salopette
stylish jumpsuit,Avocado,No,2100,525,Able Sisters,All Year,No,1.0.0,Elegant,For sale,Salopette
stylish jumpsuit,Pink,No,2100,525,Able Sisters,All Year,No,1.0.0,Elegant,For sale,Salopette
suit of lights,Black,No,2520,630,Able Sisters,All Year,No,1.0.0,Active,For sale,Overall
suit of lights,Red,No,2520,630,Able Sisters,All Year,No,1.0.0,Active,For sale,Overall
suit of lights,Blue,No,2520,630,Able Sisters,All Year,No,1.0.0,Active,For sale,Overall
suit of lights,Green,No,2520,630,Able Sisters,All Year,No,1.0.0,Active,For sale,Overall
suit of lights,Pink,No,2520,630,Able Sisters,All Year,No,1.0.0,Active,For sale,Overall
suit with stand-up collar,Black,No,1800,450,Able Sisters,All Year,No,1.0.0,Cool,For sale,Overall
suit with stand-up collar,Avocado,No,1800,450,Able Sisters,All Year,No,1.0.0,Cool,For sale,Overall
suit with stand-up collar,White,No,1800,450,Able Sisters,All Year,No,1.0.0,Cool,For sale,Overall
suit with stand-up collar,Beige,No,1800,450,Able Sisters,All Year,No,1.0.0,Cool,For sale,Overall
sunflower dress,White,No,1500,375,Able Sisters,Summer,No,1.0.0,Cute,For sale,Balloon
sunflower dress,Orange,No,1500,375,Able Sisters,Summer,No,1.0.0,Cute,For sale,Balloon
sunflower dress,Navy blue,No,1500,375,Able Sisters,Summer,No,1.0.0,Cute,For sale,Balloon
superhero uniform,Blue,No,3640,910,Able Sisters,All Year,No,1.0.0,Active,For sale,Overall
superhero uniform,Red,No,3640,910,Able Sisters,All Year,No,1.0.0,Active,For sale,Overall
superhero uniform,Black,No,3640,910,Able Sisters,All Year,No,1.0.0,Active,For sale,Overall
superhero uniform,Green,No,3640,910,Able Sisters,All Year,No,1.0.0,Active,For sale,Overall
suspender outfit,Blue,No,1900,475,Able Sisters,All Year,No,1.0.0,Elegant,For sale,Overall
suspender outfit,Gray,No,1900,475,Able Sisters,All Year,No,1.0.0,Elegant,For sale,Overall
suspender outfit,Pink,No,1900,475,Able Sisters,All Year,No,1.0.0,Elegant,For sale,Overall
suspender outfit,Black,No,1900,475,Able Sisters,All Year,No,1.0.0,Elegant,For sale,Overall
suspender outfit,Light green,No,1900,475,Able Sisters,All Year,Yes,1.0.0,Elegant,For sale,Overall
sweater dress,Olive,No,1470,367,Able Sisters,Winter,No,1.0.0,Simple,For sale,Rib
sweater dress,Beige,No,1470,367,Able Sisters,Winter,No,1.0.0,Simple,For sale,Rib
sweater dress,Dark brown,No,1470,367,Able Sisters,Winter,No,1.0.0,Simple,For sale,Rib
sweet dress,White,No,2700,675,Able Sisters,All Year,No,1.0.0,Simple,For sale,Balloon
sweet dress,Purple,No,2700,675,Able Sisters,All Year,No,1.0.0,Simple,For sale,Balloon
sweetheart dress,Navy blue,No,1600,400,Able Sisters,All Year,No,1.0.0,Simple,For sale,A-long
sweetheart dress,Peacock blue,No,1600,400,Able Sisters,All Year,No,1.0.0,Simple,For sale,A-long
sweetheart dress,Beige,No,1600,400,Able Sisters,All Year,No,1.0.0,Simple,For sale,A-long
sweetheart dress,Greige,No,1600,400,Able Sisters,All Year,No,1.0.0,Simple,For sale,A-long
sweetheart dress,Moss green,No,1600,400,Able Sisters,All Year,No,1.0.0,Simple,For sale,A-long
tango dress,Red,No,2600,650,Able Sisters,All Year,No,1.0.0,Gorgeous,For sale,Box
tango dress,Black,No,2600,650,Able Sisters,All Year,No,1.0.0,Gorgeous,For sale,Box
tango dress,Pink,No,2600,650,Able Sisters,All Year,No,1.0.0,Gorgeous,For sale,Box
tango dress,Blue,No,2600,650,Able Sisters,All Year,No,1.0.0,Gorgeous,For sale,Box
tango dress,Purple,No,2600,650,Able Sisters,All Year,No,1.0.0,Gorgeous,For sale,Box
tango dress,Green,No,2600,650,Able Sisters,All Year,No,1.0.0,Gorgeous,For sale,Box
tee dress,Black,No,1500,375,Able Sisters,All Year,No,1.0.0,Simple,For sale,Box
tee dress,Beige,No,1500,375,Able Sisters,All Year,Yes,1.0.0,Simple,For sale,Box
tee dress,Navy blue,No,1500,375,Able Sisters,All Year,No,1.0.0,Simple,For sale,Box
tee dress,White,No,1500,375,Able Sisters,All Year,No,1.0.0,Simple,For sale,Box
tee dress,Olive,No,1500,375,Able Sisters,All Year,No,1.0.0,Simple,For sale,Box
tee dress,Red,No,1500,375,Able Sisters,All Year,No,1.0.0,Simple,For sale,Box
tiger-face tee dress,Black,No,1200,300,Able Sisters,All Year,No,1.0.0,Gorgeous,For sale,Box
tiger-face tee dress,White,No,1200,300,Able Sisters,All Year,No,1.0.0,Gorgeous,For sale,Box
tiger-face tee dress,Purple,No,1200,300,Able Sisters,All Year,No,1.0.0,Gorgeous,For sale,Box
tiger-face tee dress,Pink,No,1200,300,Able Sisters,All Year,No,1.0.0,Gorgeous,For sale,Box
tiger-face tee dress,Yellow,No,1200,300,Able Sisters,All Year,No,1.0.0,Gorgeous,For sale,Box
tight punk outfit,Black,No,1920,480,Able Sisters,All Year,No,1.0.0,Cool,For sale,Overall
tight punk outfit,Red,No,1920,480,Able Sisters,All Year,No,1.0.0,Cool,For sale,Overall
toga,Red,No,2520,630,Able Sisters,All Year,No,1.0.0,Elegant,For sale,B-long
toga,Purple,No,2520,630,Able Sisters,All Year,No,1.0.0,Elegant,For sale,B-long
tropical muumuu,Mint,No,1800,450,Able Sisters,Summer,No,1.0.0,Active,For sale,A-line
tropical muumuu,White,No,1800,450,Able Sisters,Summer,No,1.0.0,Active,For sale,A-line
tropical muumuu,Blue,No,1800,450,Able Sisters,Summer,No,1.0.0,Active,For sale,A-line
tropical muumuu,Yellow,No,1800,450,Able Sisters,Summer,No,1.0.0,Active,For sale,A-line
tropical muumuu,Pink,No,1800,450,Able Sisters,Summer,No,1.0.0,Active,For sale,A-line
tuna-sushi costume,White,No,1920,480,Able Sisters,All Year,No,1.0.0,Cute,For sale,Rib
tweed dress,Yellow,No,1600,400,Able Sisters,All Year,No,1.0.0,Cute,For sale,A-line
tweed dress,Pink,No,1600,400,Able Sisters,All Year,No,1.0.0,Cute,For sale,A-line
tweed dress,Blue,No,1600,400,Able Sisters,All Year,No,1.0.0,Cute,For sale,A-line
Victorian dress,Navy blue,No,2520,630,Able Sisters,All Year,No,1.0.0,Gorgeous,For sale,Dress
Victorian dress,Green,No,2520,630,Able Sisters,All Year,No,1.0.0,Gorgeous,For sale,Dress
Victorian dress,Beige,No,2520,630,Able Sisters,All Year,No,1.0.0,Gorgeous,For sale,Dress
Victorian dress,Red,No,2520,630,Able Sisters,All Year,No,1.0.0,Gorgeous,For sale,Dress
Victorian dress,Blue,No,2520,630,Able Sisters,All Year,No,1.0.0,Gorgeous,For sale,Dress
Victorian dress,Orange,No,2520,630,Able Sisters,All Year,No,1.0.0,Gorgeous,For sale,Dress
visual-punk dress,Black,No,2040,510,Able Sisters,All Year,No,1.0.0,Cool,For sale,Balloon
visual-punk outfit,Black,No,2040,510,Able Sisters,All Year,No,1.0.0,Cool,For sale,Overall
water-egg outfit,None,Yes,,1200,Crafting,All Year,No,1.1.0a,Active,Not for sale,Rib
watermelon dress,Red,No,1500,375,Able Sisters,Summer,No,1.0.0,Cute,For sale,A-line
wedding tuxedo,NA,No,12000,3000,Wedding Season,All Year,No,1.2.0,Elegant,Not for sale,Overall
wizard's robe,Blue,No,4000,1000,Able Sisters,All Year,No,1.0.0,Gorgeous,For sale,Robe
wizard's robe,Purple,No,4000,1000,Able Sisters,All Year,No,1.0.0,Gorgeous,For sale,Robe
wood-egg outfit,None,Yes,,1200,Crafting,All Year,No,1.1.0a,Active,Not for sale,Rib
wrestler uniform,Red,No,1600,400,Able Sisters,All Year,No,1.0.0,Active,For sale,Overall
wrestler uniform,Blue,No,1600,400,Able Sisters,All Year,No,1.0.0,Active,For sale,Overall
wrestler uniform,Green,No,1600,400,Able Sisters,All Year,No,1.0.0,Active,For sale,Overall
wrestler uniform,Pink,No,1600,400,Able Sisters,All Year,No,1.0.0,Active,For sale,Overall
wrestler uniform,Black,No,1600,400,Able Sisters,All Year,No,1.0.0,Active,For sale,Overall
wrestler uniform,Yellow,No,1600,400,Able Sisters,All Year,No,1.0.0,Active,For sale,Overall
wrestling singlet,Red,No,1540,385,Able Sisters,All Year,No,1.0.0,Active,For sale,Overall
wrestling singlet,Blue,No,1540,385,Able Sisters,All Year,No,1.0.0,Active,For sale,Overall
wrestling singlet,Green,No,1540,385,Able Sisters,All Year,No,1.0.0,Active,For sale,Overall
zap suit,Pink,No,2760,690,Able Sisters,All Year,No,1.0.0,Active,For sale,Overall
zap suit,Blue,No,2760,690,Able Sisters,All Year,No,1.0.0,Active,For sale,Overall
zap suit,Green,No,2760,690,Able Sisters,All Year,No,1.0.0,Active,For sale,Overall
zap suit,Red,No,2760,690,Able Sisters,All Year,No,1.0.0,Active,For sale,Overall
zap suit,Yellow,No,2760,690,Able Sisters,All Year,No,1.0.0,Active,For sale,Overall
zap suit,Black,No,2760,690,Able Sisters,All Year,No,1.0.0,Active,For sale,Overall
zap suit,Silver,No,2760,690,Able Sisters,All Year,No,1.0.0,Active,For sale,Overall
zap suit,White,No,2760,690,Able Sisters,All Year,No,1.0.0,Active,For sale,Overall
zigzag-print dress,Purple,No,2000,500,Able Sisters,Summer,Yes,1.0.0,Elegant,For sale,A-long
zigzag-print dress,Green,No,2000,500,Able Sisters,Summer,No,1.0.0,Elegant,For sale,A-long
zigzag-print dress,Orange,No,2000,500,Able Sisters,Summer,No,1.0.0,Elegant,For sale,A-long
zigzag-print dress,Coral,No,2000,500,Able Sisters,Summer,No,1.0.0,Elegant,For sale,A-long
zigzag-print dress,Lime,No,2000,500,Able Sisters,Summer,No,1.0.0,Elegant,For sale,A-long
zigzag-print dress,Brown,No,2000,500,Able Sisters,Summer,No,1.0.0,Elegant,For sale,A-long